姓名,性别
艾超,M
艾方洲,M
艾临风,M
安然,M
安泰,M
安卫成,M
安宇森,M
安云龙,M
安云翔,M
安峥,M
敖冬,M
敖爽,M
白岸斯,M
白丁元,M
白根铭,M
白浩东,M
白浩宇,M
白皓,M
白济源,M
白金,M
白俊,M
白珂,M
白林川,M
白明浩,M
白瑞祺,M
白睿,M
白若翔,M
白舜华,M
白松霖,M
白晓旺,M
白星宇,M
白雪峰,M
白阳,M
白一晟,M
白云仁,M
白运超,M
包寒吴霜,M
包觉明,M
包杰鑫,M
包亦爽,M
包宇新,M
鲍华晔,M
鲍孝慈,M
鲍业伦,M
贝宗禹,M
毕柏溶,M
毕超,M
毕锦程,M
毕然,M
毕晟,M
毕天良,M
边泽英,M
边正阳,M
卞若帆,M
卞文鑫,M
宾宇,M
邴兆栋,M
卜充,M
才子聪,M
蔡伯文,M
蔡冲,M
蔡德杰,M
蔡光新,M
蔡国梁,M
蔡皓,M
蔡嘉楠,M
蔡金辛,M
蔡进逸,M
蔡经纶,M
蔡俊杰,M
蔡立崴,M
蔡明俊,M
蔡南鹏,M
蔡奇璇,M
蔡强胜,M
蔡青男,M
蔡帅帅,M
蔡思齐,M
蔡文韬,M
蔡汶轩,M
蔡骁,M
蔡鑫,M
蔡旭,M
蔡旭科,M
蔡熠,M
蔡岳树,M
蔡泽昆,M
蔡宗宇,M
曹博航,M
曹聪,M
曹峰,M
曹恭泽,M
曹涵,M
曹瀚成,M
曹嘉明,M
曹进,M
曹俊,M
曹凯,M
曹明汉,M
曹鹏翥,M
曹秦峰,M
曹守义,M
曹铄,M
曹勇,M
曹玉斌,M
曹远哲,M
曹越,M
曹张杰,M
曹哲源,M
曹志强,M
曹子颖,M
岑宇阔,M
曾德岗,M
曾东鸿,M
曾凡健,M
曾凡平,M
曾繁继,M
曾济源,M
曾佳熙,M
曾家梁,M
曾嘉珂,M
曾亮,M
曾沐焓,M
曾斯涵,M
曾天,M
曾文颢,M
曾文杰,M
曾祥飞,M
曾晓华,M
曾亚男,M
曾翼,M
曾永輝,M
曾宇轩,M
曾正,M
曾志卿,M
曾子龙,M
查继,M
查聿翀,M
查子儒,M
柴海新,M
柴严,M
柴逸伦,M
柴宇宸,M
柴裕江,M
常海,M
常鹏,M
常琦,M
常译夫,M
常毅,M
常宇轩,M
常玉凯,M
车嘉泰,M
陈傲文,M
陈奥,M
陈必胜,M
陈彬书,M
陈博涵,M
陈博文,M
陈博艺,M
陈超,M
陈辰阳,M
陈晨,M
陈晨,M
陈晨,M
陈晨,M
陈成,M
陈城,M
陈楚,M
陈楚凡,M
陈川,M
陈淙靓,M
陈德辰,M
陈德心,M
陈地长,M
陈方正,M
陈飞,M
陈飞扬,M
陈高翔,M
陈冠达,M
陈冠桥,M
陈冠宇,M
陈冠州,M
陈桂旭,M
陈国瑞,M
陈夯,M
陈行知,M
陈航,M
陈航通,M
陈豪,M
陈昊文,M
陈浩,M
陈恒努,M
陈弘,M
陈弘基,M
陈洪江,M
陈鸿飞,M
陈化忠,M
陈怀,M
陈基平,M
陈继祥,M
陈佳骏,M
陈家乐,M
陈家奇,M
陈嘉博,M
陈嘉诚,M
陈嘉祺,M
陈嘉烨,M
陈健豪,M
陈蒋睿,M
陈劲松,M
陈敬智,M
陈俊安,M
陈俊霖,M
陈俊伶,M
陈俊文,M
陈俊锡,M
陈骏达,M
陈凯,M
陈凯宇,M
陈坎,M
陈康,M
陈槺,M
陈科,M
陈科成,M
陈可明,M
陈可宁,M
陈魁,M
陈磊,M
陈礼扬,M
陈立坤,M
陈良俊,M
陈林泳,M
陈临乐,M
陈凛楠,M
陈凌岳,M
陈龙昊,M
陈陆洋,M
陈孟起,M
陈梦宇,M
陈旻,M
陈敏康,M
陈明璋,M
陈铭浩,M
陈溟鲲,M
陈宁,M
陈鹏宇,M
陈奇,M
陈淇馨,M
陈琦,M
陈乾,M
陈乾峰,M
陈青山,M
陈然,M
陈容,M
陈睿,M
陈绍瀚,M
陈实,M
陈世达,M
陈世祺,M
陈思成,M
陈思聪,M
陈思鸣,M
陈思琪,M
陈思文,M
陈偲涵,M
陈嵩昊,M
陈太鑫,M
陈涛,M
陈陶陶,M
陈天昊,M
陈天翔,M
陈天涯,M
陈天宇,M
陈伟根,M
陈苇航,M
陈炜,M
陈文汉,M
陈文基,M
陈文恺,M
陈文强,M
陈文韬,M
陈显翔,M
陈骁宇,M
陈小强,M
陈晓强,M
陈晓征,M
陈昕炜,M
陈欣铎,M
陈信宁,M
陈星眸,M
陈星源,M
陈兴炎,M
陈旭鹏,M
陈勗,M
陈轩,M
陈雅正,M
陈岩,M
陈岩,M
陈旸,M
陈洋,M
陈一帆,M
陈一航,M
陈一心,M
陈奕哲,M
陈逸威,M
陈逸舟,M
陈胤霖,M
陈宇康,M
陈禹丞,M
陈禹洲,M
陈语桐,M
陈聿铭,M
陈钰超,M
陈钰帆,M
陈煜,M
陈煜楠,M
陈誉博,M
陈誉文,M
陈垣,M
陈源,M
陈远,M
陈月戈,M
陈跃毅,M
陈云祥,M
陈泽宇,M
陈展鹏,M
陈钊希,M
陈昭,M
陈兆东,M
陈照松,M
陈哲,M
陈喆,M
陈喆,M
陈臻,M
陈志,M
陈志博,M
陈志浩,M
陈志鹏,M
陈治纲,M
陈治国,M
陈智雄,M
陈茁,M
陈卓,M
陈卓涛,M
陈卓文,M
陈子华,M
陈子男,M
陈子威,M
陈自力,M
成豪,M
成挺,M
成星,M
成扬,M
程冲冲,M
程飞达,M
程飞阳,M
程功,M
程海粟,M
程汉,M
程航,M
程浩,M
程浩洋,M
程鸿武,M
程继冰,M
程楷立,M
程麟杰,M
程明骏,M
程启问,M
程睿聪,M
程胜战,M
程诗博,M
程帅,M
程天惠,M
程先柳,M
程旭,M
程延辉,M
程寅,M
程英洪,M
程雨亭,M
程玉锋,M
程煜帆,M
池一,M
池映天,M
仇立松,M
仇天棋,M
仇志豪,M
储成晋,M
褚戈,M
褚孙豪,M
慈昀晨,M
丛聪,M
丛拯民,M
崔东晓,M
崔帆,M
崔峰铭,M
崔昊,M
崔恒春,M
崔劲松,M
崔可,M
崔立晗,M
崔尚元,M
崔书哲,M
崔天明,M
崔万云,M
崔永哲,M
崔云飞,M
崔兆涵,M
崔振鹏,M
崔子豪,M
代超,M
代飞龙,M
代宏伟,M
代宇轩,M
戴必玮,M
戴昊辰,M
戴霁炜,M
戴嘉为,M
戴健圣,M
戴杰,M
戴津星,M
戴俊宇,M
戴明卓,M
戴秋潮,M
戴少凡,M
戴腾跃,M
戴为,M
戴蔚,M
戴小强,M
戴晓彬,M
戴雅浩,M
戴一帆,M
戴玉剑,M
戴裕,M
戴泽宇,M
戴振斌,M
戴致鹏,M
单安隅,M
单旷怡,M
单师轩,M
单颖驰,M
单余,M
单子毓,M
邓彼岸,M
邓卜榕,M
邓琛,M
邓铛,M
邓瀚杰,M
邓浩鸿,M
邓皓,M
邓康尧,M
邓明阳,M
邓纳川,M
邓启迪,M
邓谦,M
邓睿捷,M
邓时跃,M
邓思成,M
邓维杰,M
邓枭,M
邓亚强,M
邓业诚,M
邓宇豪,M
邓宇昊,M
邓周祥博,M
邓卓锴,M
邓子超,M
狄则徐,M
刁军,M
刁一飞,M
丁晨炜,M
丁大乔,M
丁德军,M
丁涵天,M
丁豪,M
丁宏远,M
丁嘉辉,M
丁宽,M
丁立洋,M
丁明谦,M
丁宁,M
丁清华,M
丁锐奇,M
丁韶祥,M
丁世泉,M
丁树源,M
丁思洋,M
丁同乐,M
丁威铭,M
丁文杰,M
丁晓,M
丁晓峰,M
丁雪浩,M
丁晔,M
丁允梓,M
丁载宇,M
丁长青,M
丁哲章,M
丁圳峰,M
丁铮锴,M
丁宗淇,M
董耕,M
董豪,M
董宏华,M
董宽,M
董明远,M
董洺宇,M
董铭棋,M
董睿文,M
董劭辉,M
董仕轩,M
董书应,M
董文韬,M
董翔宇,M
董骁,M
董小琦,M
董昕潼,M
董修坤,M
董彦强,M
董洋,M
董逸潇,M
董永秀,M
董宇昂,M
董渊,M
董泽宇,M
董照川,M
董镇,M
董子超,M
董子非,M
董子千,M
窦斌,M
杜琛,M
杜冠阳,M
杜浩然,M
杜弘远,M
杜洪昌,M
杜家驹,M
杜明昊,M
杜崧禾,M
杜天宇,M
杜旺伦,M
杜文曾,M
杜晓牧,M
杜昕桢,M
杜延峰,M
杜勇贤,M
杜予聪,M
杜宇潇,M
杜在川,M
杜振宇,M
段柏延,M
段本英,M
段波,M
段光兴,M
段嘉宣,M
段鉴书,M
段润东,M
段事恒,M
段舒宁,M
段松儒,M
段陶然,M
段昕辰,M
段旭成,M
段雅鸣,M
段宇,M
段之寒,M
樊双赫,M
樊雄,M
樊益宏,M
樊泽,M
樊志强,M
范操琦,M
范好,M
范磊,M
范天培,M
范鑫,M
范逸平,M
范翼麟,M
范宇杰,M
范雨航,M
范中恒,M
范子仲,M
方博,M
方曹明,M
方辰左,M
方程,M
方程,M
方大林,M
方刚,M
方皓,M
方俊策,M
方开国,M
方纳,M
方伟杰,M
方文斌,M
方翔,M
方骁文,M
方昕睿,M
方言,M
方长健,M
方志翀,M
方智霖,M
房正阳,M
房子祺,M
费啸天,M
封成,M
封凡,M
封赋圣,M
冯彬彬,M
冯斌,M
冯超,M
冯帆,M
冯飞,M
冯歌,M
冯冠宇,M
冯海军,M
冯憬,M
冯廖申,M
冯龙,M
冯芃栋,M
冯秋鹏,M
冯睿,M
冯申,M
冯世平,M
冯舒翔,M
冯思渊,M
冯卫峰,M
冯未然,M
冯旭,M
冯亚伦,M
冯岩,M
冯钰庭,M
冯泽辉,M
冯致远,M
冯致远,M
冯子宸,M
冯子健,M
冯子睿,M
冯子舜,M
符睿强,M
符师宁,M
符文奇,M
符张纯,M
符植煜,M
付家兴,M
付金平,M
付康,M
付启东,M
付天宸,M
付天睿,M
付文斌,M
付鑫岩,M
付兴,M
付旭正,M
付逸博,M
付钰城,M
付择,M
付子豪,M
傅俊雪,M
傅凯威,M
傅卫东,M
傅小腾,M
傅小勇,M
傅杨,M
傅奕铭,M
傅宇康,M
傅赵晖,M
傅子维,M
盖宇航,M
甘达华,M
甘家宁,M
甘胜青,M
甘盛文,M
甘一谦,M
高北辰,M
高步云,M
高畅,M
高晨,M
高崇旭,M
高川,M
高东阳,M
高枫,M
高根生,M
高涵,M
高寒,M
高浩轩,M
高颢诚,M
高华峰,M
高基来,M
高佳豪,M
高健民,M
高鉴,M
高经纬,M
高俊,M
高刻飞,M
高林,M
高明哲,M
高铭,M
高铭成,M
高齐,M
高强,M
高秋实,M
高睿,M
高尚,M
高世杰,M
高思航,M
高嗣昂,M
高天宇,M
高童,M
高威雨,M
高维通,M
高玮,M
高炜皓,M
高文昊,M
高熙,M
高玺,M
高翔宇,M
高晓耕,M
高鑫,M
高雪原,M
高杨凯钰,M
高也,M
高渝,M
高煜,M
高渊,M
高原,M
高岳昂,M
高占源,M
高正东,M
高正祺,M
高正阳,M
高卓然,M
高子健,M
高子牛,M
郜韶飞,M
葛诚浩,M
葛天雨,M
葛怡淞,M
葛盈泽,M
耿岱仪,M
耿萌,M
耿奇,M
耿瑞琨,M
耿子凡,M
耿宗泽,M
公晨,M
宫健宇,M
宫克威,M
宫震宗,M
龚成玥,M
龚承乾,M
龚承宣,M
龚国海,M
龚昊,M
龚珲,M
龚俊之,M
龚林,M
龚麟,M
龚沛军,M
龚麒,M
龚盛,M
龚施展,M
龚新刚,M
龚尧,M
龚云琦,M
龚泽,M
龚哲浩,M
龚朕,M
龚正,M
辜宸阳,M
谷德润,M
谷丰,M
谷昊,M
谷建璆,M
谷思逸,M
谷雨,M
顾超,M
顾辰辉,M
顾昊天,M
顾家远,M
顾嘉瀚,M
顾康,M
顾绍弘,M
顾爽,M
顾欣玮,M
顾一凡,M
顾永峰,M
顾羽中,M
顾贇,M
顾泽伟,M
顾兆元,M
顾甄,M
关嘉麒,M
关剑卿,M
关君翊,M
关琦,M
关小石,M
关鑫,M
关毅飞,M
关钰麟,M
关志平,M
官焕钦,M
官加睿,M
管利伟,M
管世昱,M
管文韬,M
管英迪,M
管梓壮,M
桂汉成,M
桂林志,M
郭爱祥,M
郭奥,M
郭宝迪,M
郭晨,M
郭大金,M
郭得志,M
郭东宁,M
郭凡,M
郭昉泽,M
郭丰,M
郭悍成,M
郭浩宇,M
郭河川,M
郭宏昌,M
郭宏印,M
郭晖,M
郭家栋,M
郭家裕,M
郭健,M
郭健,M
郭俊良,M
郭俊贤,M
郭磊,M
郭磊峰,M
郭民安,M
郭名扬,M
郭沫宜,M
郭强,M
郭全全,M
郭荣磊,M
郭润晨,M
郭润豪,M
郭盛杰,M
郭轼博,M
郭树天,M
郭顺,M
郭伟,M
郭伟杰,M
郭伟轩,M
郭玮仑,M
郭文飞,M
郭肖晗,M
郭晓雪,M
郭鑫,M
郭兴,M
郭翾,M
郭阳观,M
郭耀荣,M
郭一江,M
郭一鸣,M
郭奕斌,M
郭宇琦,M
郭宇栒,M
郭玉涵,M
郭岳峰,M
郭震,M
郭震,M
郭政,M
郭知力,M
郭志圣,M
郭钟泽,M
郭子恒,M
郭子煜,M
过天舒,M
哈林,M
韩伯楠,M
韩承原,M
韩光辉,M
韩佳辰,M
韩家宝,M
韩甲源,M
韩涧镇,M
韩金瑞,M
韩克强,M
韩林杉,M
韩留洋,M
韩龙菲,M
韩清扬,M
韩若然,M
韩帅,M
韩霄,M
韩旭,M
韩逸伦,M
韩煜杰,M
韩之阳,M
韩志,M
韩子程,M
郝汉,M
郝健博,M
郝健乔,M
郝帅,M
郝天伟,M
郝伟男,M
郝亦江,M
郝育昆,M
郝兆文,M
郝志明,M
何崇文,M
何川,M
何川疆,M
何得园,M
何莞晨,M
何冠洲,M
何昊东,M
何昊翔,M
何浩然,M
何虹达,M
何家旭,M
何嘉勇,M
何进,M
何晉煒,M
何立冬,M
何立舟,M
何茂志,M
何鹏,M
何坪,M
何奇,M
何奇正,M
何琦琛,M
何任川,M
何山,M
何书仪,M
何天文,M
何维,M
何伟强,M
何文博,M
何汶轩,M
何晓华,M
何心然,M
何昕迪,M
何阳,M
何荧峰,M
何映晖,M
何永超,M
何宇健,M
何宇正,M
何雨桥,M
何震子,M
何志扬,M
何致远,M
何子昊,M
何子麒,M
何宗唐,M
和法银,M
和万象,M
和巍巍,M
和星吉,M
贺葵制,M
贺鲲羽,M
贺平,M
贺琪,M
贺麒霖,M
贺天行,M
贺勇,M
贺垣智,M
贺中天,M
贺子航,M
洪光学,M
洪鸿源,M
洪怀彬,M
洪坤城,M
洪谦,M
洪鑫焰,M
洪雪峰,M
洪于群,M
洪宇泽,M
侯秉勋,M
侯博伟,M
侯冠豪,M
侯鸿昌,M
侯嘉懿,M
侯杰,M
侯捷,M
侯俊杰,M
侯林涛,M
侯思源,M
侯彦生,M
侯永军,M
侯禺凡,M
侯元钊,M
侯蕴轩,M
后博文,M
呼江山,M
胡彬彬,M
胡丹洋,M
胡冬远,M
胡栋超,M
胡恩齐,M
胡峰茂,M
胡浩天,M
胡红旗,M
胡宏根,M
胡花左,M
胡佳典,M
胡嘉鑫,M
胡江,M
胡江岿,M
胡杰,M
胡敬,M
胡俊男,M
胡楷,M
胡念泽,M
胡捏鑫,M
胡人久,M
胡润泽,M
胡晟,M
胡世强,M
胡双年,M
胡顺,M
胡思清,M
胡思远,M
胡斯洋,M
胡廷伟,M
胡逍,M
胡啸,M
胡昕钺,M
胡欣,M
胡星,M
胡旭帆,M
胡绪千,M
胡一博,M
胡一夫,M
胡一征,M
胡贻钧,M
胡颖聪,M
胡优,M
胡跃滨,M
胡泽聪,M
胡泽豪,M
胡泽欧,M
胡泽远,M
胡正,M
胡植文,M
胡志博,M
胡子赫,M
胡子牛,M
胡子洋,M
华诚铭,M
华隽吉,M
华文韬,M
黄柏淋,M
黄北辰,M
黄北南,M
黄博海,M
黄博昊,M
黄昌尧,M
黄超,M
黄驰琳,M
黄川,M
黄丛丛,M
黄法,M
黄斐,M
黄冠源,M
黄海,M
黄翰,M
黄瀚,M
黄豪硕,M
黄鸿平,M
黄佳旺,M
黄嘉泰,M
黄建东,M
黄剑铮,M
黄蒋昊,M
黄劲骅,M
黄劲松,M
黄景祥,M
黄珏璞,M
黄君尧,M
黄俊豪,M
黄康,M
黄昆,M
黄堃,M
黄鲲鹏,M
黄黎杰,M
黄立宏,M
黄亮,M
黄灵,M
黄敏,M
黄明,M
黄培钧,M
黄奇龙,M
黄秋帆,M
黄锐皓,M
黄瑞杰,M
黄若谷,M
黄若威,M
黄山,M
黄绍峰,M
黄诗洋,M
黄施霖,M
黄帅,M
黄思川,M
黄稣萌,M
黄泰然,M
黄涛,M
黄韬,M
黄天宸,M
黄天润,M
黄天佑,M
黄天正,M
黄维宁,M
黄伟灿,M
黄伟智,M
黄文豪,M
黄文韬,M
黄文廷,M
黄向荣,M
黄小武,M
黄欣然,M
黄欣宇,M
黄新胜,M
黄鑫,M
黄鑫源,M
黄星瑞,M
黄兴华,M
黄幸,M
黄秀峰,M
黄轩,M
黄炎龙,M
黄炎鹏,M
黄彦斐,M
黄杨,M
黄杨初,M
黄洋,M
黄一多,M
黄宜铖,M
黄殷明,M
黄盈棹,M
黄颖,M
黄宇尘,M
黄宇辉,M
黄羽丰,M
黄禹铖,M
黄玉,M
黄元,M
黄远学,M
黄越,M
黄越冬,M
黄越钦,M
黄泽瑞,M
黄战,M
黄璋睿,M
黄哲,M
黄哲恒,M
黄臻翔,M
黄知劼,M
黄志翱,M
黄志鹏,M
黄卓凡,M
黄子璁,M
黄子奇,M
黄子桢,M
黄紫衡,M
黄自豪,M
黄宗圣,M
黄宗贤,M
黄祖润,M
回家,M
惠治儒,M
霍少波,M
霍鑫,M
霍星星,M
姬成,M
姬文煜,M
吉洪威,M
纪路,M
纪茗元,M
季凯航,M
季灵杰,M
季若辰,M
季之杰,M
贾备,M
贾陈,M
贾凡,M
贾国梁,M
贾涵予,M
贾浩,M
贾红振,M
贾洪潮,M
贾甲,M
贾居衡,M
贾立男,M
贾连成,M
贾珉语,M
贾茗凯,M
贾楸烨,M
贾圣果,M
贾士钊,M
贾天下,M
贾桐,M
贾唯真,M
贾惟凯,M
贾惟宇,M
贾玮,M
贾鑫,M
贾秀峰,M
贾耀东,M
贾亦伟,M
贾译竣,M
贾逸飞,M
贾懿轩,M
贾映亭,M
贾永峰,M
贾寓文,M
贾泽然,M
简明杰,M
江昊琛,M
江昊懋,M
江山,M
江旭东,M
江宇轩,M
江云帆,M
江子帆,M
姜秉丞,M
姜德青,M
姜峰,M
姜海光,M
姜浩天,M
姜虹宇,M
姜霁恒,M
姜家隆,M
姜鉴铎,M
姜峻岩,M
姜凯阳,M
姜鹏飞,M
姜世君,M
姜添元,M
姜通,M
姜伟东,M
姜星宇,M
姜旭,M
姜阳,M
姜智萌,M
姜仲毅,M
蒋弘洋,M
蒋黄麒,M
蒋嘉锐,M
蒋将,M
蒋凯奕,M
蒋宁,M
蒋天缘,M
蒋万宇,M
蒋文,M
蒋肖斌,M
蒋鑫,M
蒋旭宏,M
蒋雨果,M
蒋泽农,M
蒋周龙颜,M
蒋卓良,M
蒋子豪,M
焦德宇,M
焦浩洋,M
焦经川,M
焦天宇,M
焦文裕,M
焦奕霖,M
焦云皓,M
揭圣明,M
颉可,M
解钧然,M
解雨飞,M
解振达,M
金昌龙,M
金辰斐,M
金晨,M
金嘉诚,M
金京云,M
金凯,M
金乃君,M
金睿哲,M
金生霄,M
金万明,M
金稳,M
金萧,M
金沿,M
金逸帆,M
金瑜,M
金朱俊宏,M
晋唯真,M
靳安然,M
靳鹏飞,M
靳琪奥,M
靳仕亨,M
靳文忠,M
靳子豪,M
井立博,M
静心,M
鞠家涛,M
隽永,M
开诚,M
阚伟平,M
阚煜,M
康宸玮,M
康健,M
康劲东,M
康峻侥,M
康来,M
康瑞鑫,M
康旭源,M
康亚军,M
康翊博,M
康宇衡,M
亢瑜,M
柯涵今,M
柯洪捷,M
柯仕诚,M
柯云劼,M
柯子烨,M
孔博超,M
孔朝晖,M
孔垂刚,M
孔大鹏,M
孔繁一,M
孔浩,M
孔嘉阳,M
孔景,M
孔令向,M
孔庆旭,M
孔祥夫,M
孔祥霖,M
孔祥昱,M
孔宇涵,M
邝冠南,M
况兴轩,M
来天成,M
赖警辉,M
赖俊润,M
赖坤元,M
赖鹏宇,M
赖玉峰,M
赖泽华,M
赖志成,M
兰成臻,M
兰健,M
兰敏琪,M
兰盛泽,M
兰石懿,M
兰亦心,M
兰宇,M
蓝青,M
郎劲童,M
劳思杰,M
乐善翎,M
乐彥泽,M
雷成,M
雷德钰,M
雷海宁,M
雷凯翔,M
雷明,M
雷沁欣,M
雷腾飞,M
雷天,M
雷天浩,M
雷宇骁,M
雷云峰,M
雷志铖,M
冷史翱,M
冷威,M
黎才华,M
黎佳林,M
黎平,M
黎瑞枫,M
黎书豪,M
黎松,M
黎天鸿,M
黎旭翔,M
黎一尘,M
黎一鸣,M
黎胤禹,M
李安健,M
李柏辰,M
李帮禹,M
李北辰,M
李笨乎,M
李宾,M
李斌,M
李斌源,M
李冰,M
李冰,M
李冰仑,M
李秉谦,M
李柄桦,M
李波,M
李伯瀚,M
李勃,M
李博,M
李博硕,M
李博文,M
李博轩,M
李昌锦,M
李昶,M
李超,M
李辰帅,M
李趁,M
李成,M
李成杰,M
李成章,M
李承,M
李承昊,M
李承科,M
李楚越,M
李传中,M
李纯键,M
李大方,M
李大洋,M
李岱轩,M
李岱辕,M
李德康,M
李典易,M
李鼎言,M
李东航,M
李东徽,M
李东阳,M
李栋,M
李栋洪,M
李恩泉,M
李凡,M
李丰,M
李峰,M
李刚,M
李刚,M
李刚夫,M
李高衔,M
李官华,M
李冠阳,M
李国昊,M
李国华,M
李国永,M
李海捷,M
李航,M
李航,M
李昊,M
李昊,M
李昊,M
李昊宸,M
李昊城,M
李昊阳,M
李昊宇,M
李浩,M
李浩晨,M
李浩廷,M
李贺,M
李贺楠,M
李赫,M
李赫梁,M
李宏亮,M
李宏约,M
李竑泽,M
李后想,M
李化一,M
李怀哲,M
李欢,M
李辉,M
李济远,M
李济洲,M
李佳澄,M
李佳庚,M
李佳辉,M
李佳俊,M
李佳明,M
李佳卫,M
李家斌,M
李家男,M
李嘉,M
李嘉豪,M
李嘉华,M
李嘉冕,M
李嘉铭,M
李嘉木,M
李嘉宇,M
李建中,M
李健,M
李健睿,M
李健雄,M
李江远,M
李蒋振宇,M
李杰,M
李杰,M
李金,M
李金诚,M
李晋雷,M
李竞曦,M
李敬尧,M
李敬一,M
李靖东,M
李靖新弘,M
李静生,M
李居奇,M
李珏睿,M
李俊慧,M
李俊杰,M
李俊捷,M
李俊霖,M
李俊龙,M
李凯,M
李柯,M
李柯乐,M
李可,M
李克阳,M
李刻羽,M
李宽,M
李坤炜,M
李昆鹏,M
李阔,M
李磊,M
李磊,M
李立源,M
李良驰,M
李林骏,M
李林翼,M
李凌劼,M
李凌宇,M
李龙飞,M
李龙舸,M
李茂禾,M
李蒙,M
李孟喜,M
李梦杰,M
李梦泽,M
李勉,M
李妙聪,M
李闽南,M
李敏捷,M
李名翰,M
李明,M
李明杰,M
李明阳,M
李明洋,M
李明哲,M
李明智,M
李铭辉,M
李牧,M
李慕尧,M
李念实,M
李潘东,M
李培豪,M
李培平,M
李培哲,M
李鹏,M
李鹏,M
李鹏程,M
李鹏飞,M
李鹏飞,M
李鹏鹏,M
李鹏鹏,M
李鹏运,M
李奇成,M
李奇钟,M
李谦,M
李强,M
李强强,M
李钦,M
李青松,M
李秋韡,M
李权松,M
李日宏,M
李镕辰,M
李阮存,M
李锐,M
李睿,M
李睿淼,M
李睿鹏,M
李睿哲,M
李润峰,M
李润宇,M
李善宇,M
李少晗,M
李石,M
李时嘉,M
李实勇,M
李士磊,M
李世杰,M
李世林,M
李世云,M
李世泽,M
李仕杰,M
李仕林,M
李首卿,M
李抒昊,M
李树人,M
李顺吾,M
李硕,M
李思康,M
李思敏,M
李思齐,M
李思尧,M
李斯昆,M
李松峰,M
李松林,M
李松霖,M
李崧,M
李泰森,M
李天祺,M
李天一,M
李天佑,M
李铁义,M
李通德,M
李巍,M
李伟宏,M
李卫东,M
李文冬,M
李文楷,M
李文明睿,M
李文泰,M
李文鑫,M
李文远,M
李文正,M
李玺鸣,M
李翔,M
李翔宇,M
李想,M
李想,M
李萧宇,M
李晓,M
李晓东,M
李晓飞,M
李晓峰,M
李晓辉,M
李晓龙,M
李晓明,M
李晓煦,M
李晓阳,M
李晓宇,M
李昕宇,M
李欣焱,M
李新豪,M
李新勇,M
李鑫,M
李星辰,M
李星宇,M
李兴东,M
李兴明,M
李兴远,M
李许源,M
李旭胤,M
李烜光,M
李学峰,M
李学根,M
李雪晨,M
李雪晖,M
李雪露,M
李雪睿,M
李亚光,M
李亚强,M
李炎,M
李彦伯,M
李彦达,M
李彦锦,M
李彦余,M
李阳春,M
李杨帆,M
李洋,M
李尧沣,M
李耀东,M
李烨锋,M
李一男,M
李一庆,M
李祎炜,M
李义周,M
李亦萌,M
李逸,M
李毅栋,M
李英伟,M
李永辉,M
李永凯,M
李勇,M
李予,M
李宇皓,M
李宇杰,M
李宇轩,M
李雨亭,M
李雨轩,M
李禹佳,M
李玉玺,M
李玉轩,M
李煜杰,M
李豫,M
李元昊,M
李园园,M
李远昭,M
李苑捷,M
李玥儒,M
李越,M
李云川,M
李昀浩,M
李昀锐,M
李泽凡,M
李泽锋,M
李泽翰,M
李泽辉,M
李泽乾,M
李泽群,M
李泽远,M
李泽正,M
李章超,M
李长虹,M
李长彦,M
李钊,M
李兆京,M
李兆胤,M
李肇阳,M
李哲宇,M
李臻皓,M
李振发,M
李振华,M
李振寰,M
李镇业,M
李正贤,M
李正洋,M
李志,M
李志宇,M
李智,M
李智强,M
李忠阳,M
李仲洋,M
李庄威,M
李卓,M
李卓尔,M
李卓根,M
李卓涵,M
李卓航,M
李卓慧,M
李卓津,M
李卓毅,M
李子涵,M
李子豪,M
李子恒,M
李子桦,M
李子麟,M
李子龙,M
李子翔,M
李梓,M
李梓森,M
李梓源,M
李自乐,M
李宗伦,M
李宗阳,M
李宗昱,M
李祖琦,M
厉承祥,M
栗德柱,M
栗菲,M
连曾,M
连续,M
练云龙,M
梁安慷,M
梁辰,M
梁晨,M
梁国伟,M
梁瀚滔,M
梁浩阳,M
梁家杰,M
梁凯超,M
梁康,M
梁鹏,M
梁儒昆,M
梁芮源,M
梁少华,M
梁天宇,M
梁宇超,M
梁宇飞,M
梁宇星,M
梁雨潇,M
梁玉玺,M
梁钰,M
梁泽宇,M
梁桢枭,M
梁振财,M
梁资豪,M
梁子豪,M
廖茂翌,M
廖若贝,M
廖桑永,M
廖思棋,M
廖延江,M
廖逸之,M
廖有根,M
廖宇轩,M
廖泽宇,M
廖增威,M
廖彰洋,M
林博松,M
林宸剑,M
林达,M
林大超,M
林德金,M
林海博,M
林海涛,M
林航宇,M
林灏,M
林佳鑫,M
林杰,M
林君鸣,M
林凯翔,M
林利泽,M
林孟潇,M
林宁,M
林麒荣,M
林庆霖,M
林若谷,M
林松韵,M
林涛,M
林万圣,M
林威丞,M
林为闯,M
林伟彬,M
林晓斌,M
林轩宇,M
林旸焜,M
林祎琛,M
林宇鋆,M
林雨晨,M
林禹全,M
林御寒,M
林远振,M
林樾,M
林泽辉,M
林钊,M
林圳钦,M
林正晗,M
林正航,M
林子骞,M
林子坤,M
林子木,M
蔺泽晨,M
凌春阳,M
凌尧天,M
凌跃,M
刘邦远,M
刘斌,M
刘斌,M
刘博,M
刘博华,M
刘博天,M
刘博宇,M
刘昌昊,M
刘昌浩,M
刘昌毅,M
刘畅,M
刘畅,M
刘超,M
刘晨,M
刘晨煜,M
刘谌,M
刘驰洲,M
刘冲,M
刘楚亮,M
刘春池,M
刘春晖,M
刘聪,M
刘大铭,M
刘丹辉,M
刘頔,M
刘定鸿,M
刘定坤,M
刘东,M
刘董杰,M
刘栋,M
刘恩昊,M
刘恩全,M
刘恩睿,M
刘恩雨,M
刘尔卓,M
刘凡,M
刘刚,M
刘港琛,M
刘冠翔,M
刘海峰,M
刘汉彻,M
刘瀚林,M
刘昊融,M
刘浩鹏,M
刘浩然,M
刘灏文,M
刘贺,M
刘恒辰,M
刘恒杰,M
刘恒驿,M
刘弘毅,M
刘弘毅,M
刘洪灏,M
刘洪涛,M
刘骥跃,M
刘佳,M
刘佳凡,M
刘家昌,M
刘家辉,M
刘家齐,M
刘家琦,M
刘嘉诚,M
刘嘉豪,M
刘剑箫,M
刘健,M
刘鉴非,M
刘江浩,M
刘江伟,M
刘教坤,M
刘杰,M
刘杰,M
刘金获,M
刘军昌,M
刘俊辰,M
刘俊成,M
刘俊勇,M
刘隽甫,M
刘凯奇,M
刘楷,M
刘柯,M
刘科,M
刘奎达,M
刘昆麟,M
刘立潮,M
刘立荣,M
刘立洋,M
刘罗颢,M
刘勉衡,M
刘明昊,M
刘明俊,M
刘明元,M
刘明哲,M
刘鸣章,M
刘洺序,M
刘铭德,M
刘宁远,M
刘培宁,M
刘培荣,M
刘沛泉,M
刘霈峰,M
刘芃昊,M
刘鹏,M
刘鹏,M
刘平,M
刘齐家,M
刘前,M
刘黔林,M
刘黔义,M
刘茜,M
刘沁哲,M
刘庆昌,M
刘庆阳,M
刘权德,M
刘人仁,M
刘如彬,M
刘瑞生,M
刘瑞鑫,M
刘睿麒,M
刘润昊,M
刘润泽,M
刘润泽,M
刘若石,M
刘若文,M
刘赛,M
刘山河,M
刘绍航,M
刘升华,M
刘晟,M
刘盛堂,M
刘诗玮,M
刘士鑫,M
刘世超,M
刘世宸,M
刘世宽,M
刘守博,M
刘书孟,M
刘书廷,M
刘帅,M
刘顺欣,M
刘思聪,M
刘思凡,M
刘思含,M
刘思琪,M
刘斯敏,M
刘四维,M
刘堂杰,M
刘涛,M
刘天朗,M
刘天霖,M
刘天旸,M
刘通,M
刘威,M
刘伟,M
刘伟,M
刘伟,M
刘伟立,M
刘伟强,M
刘文璨,M
刘熙来,M
刘熙霖,M
刘先达,M
刘先宇,M
刘贤东,M
刘显,M
刘翔宇,M
刘晓,M
刘晓晨,M
刘晓辉,M
刘昕宇,M
刘昕昱,M
刘鑫,M
刘鑫,M
刘鑫,M
刘鑫远,M
刘徐恺,M
刘轩铭,M
刘炫宇,M
刘学严,M
刘雪成,M
刘言,M
刘沿江,M
刘沿江,M
刘焱欣,M
刘阳,M
刘洋,M
刘洋,M
刘洋,M
刘洋,M
刘洋,M
刘耀国,M
刘一轲,M
刘一阳,M
刘一尧,M
刘一臻,M
刘怡钒,M
刘以明,M
刘以明,M
刘艺舒,M
刘亦葭,M
刘奕岑,M
刘益彰,M
刘逸亭,M
刘毅阳,M
刘翼豪,M
刘英达,M
刘永弘,M
刘永泽,M
刘勇,M
刘佑民,M
刘瑜,M
刘宇,M
刘宇涵,M
刘宇龙,M
刘宇廷,M
刘宇泽,M
刘雨辰,M
刘禹延,M
刘玉靖,M
刘育辰,M
刘彧策,M
刘鸢飞,M
刘元,M
刘元鼎,M
刘元杰,M
刘云峰,M
刘云舒,M
刘运昌,M
刘运阳,M
刘泽华,M
刘泽铭,M
刘长峰,M
刘长旭,M
刘镇宁,M
刘铮,M
刘正阳,M
刘政坤,M
刘之诚,M
刘之恒,M
刘之新,M
刘之炎,M
刘祉邑,M
刘志昊,M
刘志杰,M
刘志暄,M
刘志扬,M
刘志远,M
刘志越,M
刘致辰,M
刘智超,M
刘子川,M
刘子豪,M
刘子赫,M
刘子威,M
刘子轩,M
刘梓峰,M
刘梓壮,M
刘自晓,M
柳晗宇,M
柳何栩,M
柳林,M
柳伊扬,M
柳荫,M
柳钰儒,M
龙璟,M
龙凌波,M
龙潜,M
龙泉铭,M
龙涛,M
龙天罡,M
娄刚,M
楼学韬,M
卢飞旗,M
卢浩然,M
卢洪传,M
卢俊来,M
卢俊宇,M
卢可伦,M
卢麟,M
卢凌翔,M
卢柳斌,M
卢明皓,M
卢宁晖,M
卢鹏,M
卢如森,M
卢睿,M
卢帅,M
卢思奇,M
卢心瑜,M
卢旭,M
卢砚,M
卢尧,M
卢一鸣,M
卢奕州,M
卢予奇,M
芦琦,M
鲁成东,M
鲁佳豪,M
鲁宽,M
鲁其璠,M
鲁天宇,M
鲁巍扬,M
鲁卓霖,M
陆从洲,M
陆逢黎,M
陆浩,M
陆浩然,M
陆浩威,M
陆怀希,M
陆寰,M
陆宽,M
陆梦兵,M
陆胜,M
陆伟,M
陆晓龙,M
陆玉锋,M
陆跃辉,M
陆洲,M
鹿飞宇,M
逯恒东,M
路易,M
栾京东,M
栾天来,M
栾一胜,M
栾泽明,M
栾振庭,M
罗邦彦,M
罗毕锋,M
罗毕锟,M
罗常清,M
罗超元,M
罗辰,M
罗迪,M
罗迪皓,M
罗干,M
罗皓,M
罗皓天,M
罗辑,M
罗技,M
罗继鸿,M
罗继生,M
罗靖,M
罗凯,M
罗培豪,M
罗起飞,M
罗瑞,M
罗润天,M
罗苏明,M
罗韬堃,M
罗惟瀚,M
罗闲文,M
罗霄,M
罗伊凯,M
罗艺,M
罗毅诚,M
罗懿宸,M
罗宇杭,M
罗宇鹏,M
罗裕程,M
罗自奔,M
骆人杰,M
骆天,M
吕博川,M
吕富林,M
吕昊天,M
吕虹晔,M
吕佳,M
吕江涛,M
吕俊萱,M
吕凯,M
吕可凡,M
吕梦扬,M
吕鹏飞,M
吕启,M
吕瑞聪,M
吕瑞强,M
吕世极,M
吕首然,M
吕思睿,M
吕田,M
吕鑫,M
吕一鸣,M
吕宇豪,M
吕钰麟,M
吕源祺,M
吕治强,M
吕子奇,M
吕综翊,M
马阿旺,M
马拜克,M
马伯文,M
马常林,M
马从洋,M
马大任,M
马海,M
马海天,M
马晗熙,M
马浩,M
马浩程,M
马浩迪,M
马宏志,M
马鸿飞,M
马鸿鹏,M
马怀波,M
马加圣,M
马建方,M
马鉴朝,M
马杰,M
马进晶,M
马晋,M
马京,M
马靖惟,M
马狂飙,M
马堃中,M
马力,M
马力兴,M
马靓,M
马龙,M
马茂原,M
马千理,M
马强,M
马青杰,M
马清良,M
马全福,M
马睿烽,M
马睿杰,M
马若凡,M
马少杰,M
马思源,M
马思源,M
马腾飞,M
马天翼,M
马甜原,M
马潼泰,M
马卫,M
马霄,M
马小宁,M
马小雨,M
马晓宇,M
马昕,M
马鑫,M
马洋,M
马毅恒,M
马嬴超,M
马玉德,M
马远哲,M
马赟,M
马蕴哲,M
马泽,M
马增贤,M
马长捷,M
马振宇,M
马知皓,M
马志浩,M
马志明,M
马壮,M
马子轩,M
马子垠,M
马梓然,M
毛承杰,M
毛寒,M
毛敏加,M
毛拼,M
毛绍光,M
毛威,M
毛为立,M
毛奕凯,M
毛振镀,M
茅佳源,M
梅豪,M
梅杰,M
梅杰,M
梅杰,M
梅杰,M
梅淼,M
梅天星,M
梅新章,M
蒙庆黄,M
孟刚,M
孟刚,M
孟冠雄,M
孟可,M
孟克阳,M
孟凌宇,M
孟秦昊,M
孟涛,M
孟巍,M
孟宪丰,M
孟祥瑜,M
孟晓宇,M
米登位,M
米天雄,M
米中杰,M
苗健,M
苗晋锋,M
苗祺,M
闵嘉位,M
明波,M
明政杨,M
缪晨俊,M
缪劲松,M
缪立波,M
缪易轩,M
莫荒年,M
莫俊荣,M
莫启航,M
莫鑫,M
莫雪骢,M
莫云帆,M
牟书奇,M
慕思成,M
穆晨林,M
纳绍骞,M
南春星,M
南培森,M
倪春阳,M
倪浩天,M
倪金贵,M
倪侃,M
倪睿阳,M
倪添桢,M
倪杨,M
倪煜,M
念宗锐,M
聂朝阳,M
聂刚,M
聂轰,M
聂靖昕,M
聂俊海,M
聂雷,M
聂鹏飞,M
聂祯涛,M
聂自力,M
宁超,M
宁思鑫,M
宁一豪,M
牛滨,M
牛畅,M
牛畅,M
牛东,M
牛行知,M
牛铭,M
牛牧淳,M
牛天昊,M
牛一佳,M
牛艺霖,M
牛宇轩,M
牛泽昊,M
牛梓程,M
欧承祖,M
欧国韬,M
欧祥威,M
欧昕熠,M
欧阳稷,M
欧阳嘉毅,M
欧阳沛南,M
欧阳庆霖,M
欧阳仁韬,M
欧阳王剑,M
欧阳西河,M
欧阳扬,M
欧阳裕德,M
欧阳智山,M
欧正鑫,M
潘安,M
潘柏操,M
潘炳南,M
潘岱松,M
潘道臣,M
潘汉英,M
潘怀富,M
潘佳昊,M
潘锦宏,M
潘俊陶,M
潘凯,M
潘磊,M
潘若琛,M
潘仕林,M
潘天宇,M
潘天元,M
潘玺君,M
潘晓奇,M
潘星宇,M
潘旭冉,M
潘岳,M
潘越,M
潘智杰,M
潘资兴,M
庞博,M
庞景豪,M
庞中孚,M
裴定宇,M
裴晓畅,M
裴逸杰,M
裴盈珍,M
裴正阳,M
彭柏强,M
彭博,M
彭昌南,M
彭超,M
彭呈斐,M
彭诚,M
彭冠辰,M
彭航,M
彭佳鸣,M
彭竞贤,M
彭沛,M
彭启航,M
彭首凯,M
彭思棋,M
彭玮华,M
彭骁湘,M
彭小玻,M
彭玄宬,M
彭毅龙,M
彭雨,M
彭昱森,M
彭兆飞,M
彭梓航,M
皮永亮,M
蒲定磐,M
浦鸿铭,M
浦允烨,M
戚诚啸,M
戚宇辰,M
漆啸,M
亓浩然,M
齐浩翔,M
齐仁睿,M
齐艺凯,M
齐宇飞,M
齐宇霆,M
齐昱,M
祁洪福,M
祁麟,M
祁天宇,M
祁逸伟,M
祁宇宸,M
钱陈翾,M
钱聪,M
钱栋恺,M
钱方宁,M
钱建红,M
钱列,M
钱瑞昊,M
钱天一,M
钱伟,M
钱蔚旻,M
钱文欣,M
钱文渊,M
钱雨,M
钱元庄,M
钱照文,M
强宇豪,M
乔华东,M
乔磊,M
乔明达,M
乔峤,M
乔桥,M
谯江龙,M
谯楷耀,M
秦朝,M
秦川,M
秦广,M
秦海林,M
秦浩然,M
秦嘉,M
秦浪,M
秦利,M
秦铭泽,M
秦培文,M
秦齐,M
秦思源,M
秦天承,M
秦天宇,M
秦祥伦,M
秦晓龙,M
秦杨,M
秦一,M
秦宇轩,M
秦振扬,M
卿永立,M
邱才颙,M
邱迪,M
邱飞旸,M
邱国强,M
邱佳杰,M
邱靖哲,M
邱鹏飞,M
邱其然,M
邱太保,M
邱云波,M
裘天琦,M
瞿麟骁,M
瞿志林,M
曲洪圆,M
曲金星,M
曲文彬,M
曲笑达,M
曲亦成,M
曲正佚,M
冉靖尧,M
饶家玚,M
饶鹏昊,M
饶永铭,M
饶禹,M
任聪,M
任昊,M
任家宝,M
任嘉隆,M
任俊博,M
任可,M
任乐,M
任磊,M
任思衡,M
任思伍,M
任思远,M
任天,M
任天润,M
任天泽,M
任维龙,M
任兴隆,M
任予琛,M
任宇,M
任雨昂,M
任政,M
任志鹏,M
任卓涵,M
任子博,M
任子禹,M
戎挺,M
戎毅杰,M
茹启田,M
茹庆全,M
阮呈祥,M
阮承宗,M
阮嘉强,M
阮杰,M
阮桢昊,M
桑田,M
桑新桓,M
沙鹏举,M
商纪元,M
商亮,M
商量,M
上官吴凡,M
尚俊辰,M
尚祥,M
尚学刚,M
邵成武,M
邵存祺,M
邵光阳,M
邵键准,M
邵率,M
邵容与,M
邵韬,M
邵文杰,M
邵炎,M
邵一帆,M
邵钰杉,M
邵智轩,M
申皓,M
申涛,M
申夏迪,M
申宇鹏,M
申云逸,M
申政,M
申卓凡,M
申子居,M
沈博文,M
沈超,M
沈浩然,M
沈皓天,M
沈皓翔,M
沈鸿,M
沈佳敏,M
沈剑豪,M
沈锦涛,M
沈靖云,M
沈俊赫,M
沈科杰,M
沈林锋,M
沈瑞昌,M
沈睿哲,M
沈伟,M
沈文轩,M
沈枭杰,M
沈鑫杰,M
沈阳,M
沈洋,M
沈一帆,M
沈祎恒,M
沈弈寒,M
沈逸飞,M
沈懿鑫,M
沈雨尘,M
沈芸稼,M
沈泽华,M
沈占豪,M
沈哲锋,M
沈政宇,M
沈中天,M
沈子昊,M
生强,M
盛子淳,M
师猛,M
师铮,M
施成,M
施舜天,M
施文豪,M
石涵,M
石杰然,M
石金明,M
石金瑞,M
石堃,M
石磊,M
石善国,M
石胜荣,M
石树旺,M
石太伟,M
石晓虹,M
石一凡,M
石益豪,M
石殷杰,M
石永祥,M
石勇,M
石元峰,M
石远鑫,M
石智方,M
石子金,M
时海峰,M
时研博,M
史博文,M
史博文,M
史策,M
史东杰,M
史浩琨,M
史家玮,M
史建新,M
史金鹏,M
史久昀,M
史明涵,M
史培鑫,M
史启雄,M
史森,M
史舒元,M
史玮玮,M
史文博,M
史文杰,M
史翔,M
史云岫,M
史哲源,M
舒国富,M
舒翔,M
舒翔,M
舒鑫,M
树扬,M
帅雨萌,M
税圣杰,M
司志臣,M
宋奥野,M
宋百合,M
宋博文,M
宋晨斐,M
宋典,M
宋飞,M
宋峰峰,M
宋瀚文,M
宋恒,M
宋鸿浩,M
宋凯,M
宋来,M
宋鹏飞,M
宋普宁,M
宋奇聪,M
宋润杰,M
宋少康,M
宋佘琛,M
宋顺超,M
宋硕,M
宋涛,M
宋天意,M
宋桐,M
宋童童,M
宋维书,M
宋晓明,M
宋孝东,M
宋鑫梁,M
宋阳,M
宋洋洋,M
宋逸伦,M
宋逸男,M
宋英齐,M
宋永前,M
宋宇达,M
宋宇轩,M
宋昱辰,M
宋昱辉,M
宋元明,M
宋蕴真,M
宋兆辉,M
宋知行,M
宋志坚,M
宋子伯,M
宋子玄,M
宋梓铭,M
宋宗晏,M
苏博俊,M
苏晨曦,M
苏龚,M
苏浩天,M
苏禾,M
苏佳骥,M
苏家昌,M
苏嘉俊,M
苏励威,M
苏楠,M
苏晟宇,M
苏晓文,M
苏鑫,M
苏彦秾,M
苏展,M
苏子辰,M
苏子玮,M
隋凡平,M
孙安临,M
孙奥栋,M
孙宝石,M
孙北奇,M
孙彪,M
孙斌,M
孙晨迪,M
孙晨曦,M
孙慈泉,M
孙大伟,M
孙德刚,M
孙顶,M
孙鼎,M
孙东君,M
孙凤梧,M
孙辅懋,M
孙冠华,M
孙国柱,M
孙海威,M
孙晗力,M
孙翰元,M
孙昊,M
孙昊冉,M
孙宏斌,M
孙宏杨,M
孙洪一,M
孙佳帅,M
孙嘉隆,M
孙健智,M
孙金钊,M
孙劲夫,M
孙径舟,M
孙径舟,M
孙敬源,M
孙敬源,M
孙军,M
孙君劼,M
孙俊卿,M
孙凯,M
孙凯歌,M
孙克,M
孙亮亮,M
孙凌峰,M
孙龙吉,M
孙璐迪,M
孙淼,M
孙铭馗,M
孙铭壮,M
孙宁泽,M
孙鹏,M
孙鹏博,M
孙其立,M
孙乾汇,M
孙秦章,M
孙荣周,M
孙世昱,M
孙帅,M
孙思远,M
孙天宇,M
孙桐,M
孙唯瀚,M
孙伟,M
孙伟,M
孙伟峻,M
孙蔚滨,M
孙文俊,M
孙闻涛,M
孙翔宇,M
孙晓晨,M
孙星远,M
孙旭冉,M
孙序鹏,M
孙岩,M
孙阳,M
孙耀珠,M
孙业强,M
孙一飞,M
孙一皓,M
孙宇辰,M
孙羽,M
孙雨,M
孙雨东,M
孙禹,M
孙誉逍,M
孙越,M
孙泽正,M
孙长通,M
孙照人,M
孙振宇,M
孙铮,M
孙种阳,M
孙周易,M
孙作琳,M
索成,M
索永刚,M
泰然,M
谈可意,M
谈正中,M
覃朗,M
覃钟正,M
谭鉴容,M
谭江,M
谭金沫,M
谭竣文,M
谭守程,M
谭维,M
谭翛益,M
谭潇,M
谭昕昀,M
谭毅,M
谭子健,M
汤典东,M
汤浩,M
汤圣韬,M
汤盛文,M
汤玮杰,M
汤逍则,M
汤欣哲,M
汤一舟,M
唐成,M
唐创,M
唐敦,M
唐浩然,M
唐家梁,M
唐靖轩,M
唐密文,M
唐明宇,M
唐楠,M
唐麒,M
唐人杰,M
唐榕逊,M
唐瑞祥,M
唐润,M
唐思鸿,M
唐韬,M
唐王逊,M
唐望峰,M
唐维,M
唐维钊,M
唐伟,M
唐文俊,M
唐翔昊,M
唐雪坤,M
唐一笑,M
唐艺伟,M
唐毅,M
唐用,M
唐钰开,M
唐哲恒,M
唐正权,M
唐正阳,M
陶伯园,M
陶辰,M
陶而康,M
陶俊杰,M
陶然,M
陶少庚,M
陶星宇,M
陶野,M
陶映初,M
陶勇铭,M
陶禹良,M
陶圆明,M
陶韫琦,M
滕环宇,M
滕汶轩,M
田宝春,M
田波,M
田超,M
田成林,M
田代鹏,M
田得雨,M
田飞,M
田耕坤,M
田昊,M
田昊,M
田浩,M
田佳茂,M
田嘉晨,M
田金田,M
田康,M
田磊,M
田李昊,M
田林,M
田然,M
田瑞,M
田思远,M
田永杰,M
田宇,M
田宇成,M
田源,M
田震,M
田忠烨,M
田祖尧,M
仝秦玮,M
佟元任,M
童昊奇,M
童乐,M
童毅,M
童雨晨,M
涂程亮,M
涂俊南,M
涂俊星,M
涂尉,M
涂文超,M
涂象文,M
涂正刚,M
屠佳伟,M
屠锐,M
屠腾,M
万亚捷,M
汪楚焰,M
汪大洋,M
汪弘阳,M
汪普瑞,M
汪清华,M
汪融,M
汪诗洋,M
汪士愉,M
汪文睿,M
汪鑫,M
汪一凡,M
汪毅,M
汪颖,M
汪宇浩,M
汪祖伟,M
王安邦,M
王安东,M
王奥宇,M
王百意,M
王宝,M
王宝康,M
王宝祥,M
王彬任,M
王柄荃,M
王博荣,M
王博艺,M
王灿灿,M
王超杰,M
王朝,M
王琛文,M
王辰川穗,M
王陈灏,M
王宸熹,M
王晨笛,M
王呈贵,M
王铖,M
王骋宇,M
王驰翔,M
王崇安,M
王传鹏,M
王聪,M
王达桂佳,M
王大海,M
王大元,M
王迪,M
王鼎禄,M
王东,M
王东升,M
王恩凝,M
王方洋,M
王飞骋,M
王丰,M
王峰松,M
王福霖,M
王甫镔,M
王富至,M
王戈扬,M
王亘之,M
王庚,M
王光,M
王国超,M
王国泰,M
王海鹏,M
王涵秋,M
王瀚,M
王瀚琳,M
王瀚锐,M
王行健,M
王航,M
王昊,M
王昊晨,M
王昊翔,M
王昊越,M
王浩,M
王浩川,M
王浩东,M
王浩宇,M
王淏,M
王皓辰,M
王皓铎,M
王禾,M
王鹤,M
王恒志,M
王宏臣,M
王宏强,M
王鸿泰,M
王侯,M
王华,M
王华,M
王华清,M
王华鑫,M
王怀新,M
王怀煜,M
王欢,M
王焕富,M
王惠民,M
王吉明,M
王吉祥,M
王继寅,M
王加河,M
王加壮,M
王佳,M
王佳成,M
王佳麟,M
王佳楠,M
王家玮,M
王嘉程,M
王嘉驰,M
王嘉伟,M
王骞,M
王骞禹,M
王建涛,M
王建雄,M
王建寅,M
王剑桥,M
王健,M
王劼文,M
王金昊,M
王晋卿,M
王晶,M
王竞冕,M
王靖凯,M
王靖琨,M
王军涛,M
王君毅鹏,M
王钧,M
王俊伟,M
王俊晓,M
王浚铭,M
王浚栩,M
王凯,M
王凯,M
王凯弘,M
王凯伦,M
王凯强,M
王凯翔,M
王凯旋,M
王苛宇,M
王可,M
王可预,M
王旷辰,M
王坤,M
王坤阳,M
王堃鑫,M
王磊,M
王磊,M
王磊,M
王磊,M
王磊,M
王礼佳,M
王力,M
王力达,M
王立冬,M
王立明,M
王林鹤,M
王琳,M
王麟,M
王隆歌,M
王露雨,M
王络,M
王冕,M
王明昌,M
王鹏,M
王澎,M
王平,M
王平原,M
王璞珏,M
王其阳,M
王琦,M
王祺,M
王麒魁,M
王启睿,M
王起晨,M
王千宁,M
王钎义,M
王沁刚,M
王清睿,M
王庆华,M
王庆军,M
王秋豪,M
王荣鑫,M
王融鑫,M
王锐彬,M
王瑞,M
王瑞琪,M
王睿,M
王润楠,M
王润清,M
王润泽,M
王若凡,M
王若一,M
王森,M
王诗哲,M
王世达,M
王世豪,M
王仕雄,M
王书谊,M
王舒鹤,M
王舒啸,M
王舒阳,M
王帅,M
王帅捷,M
王爽,M
王司天,M
王思齐,M
王思宇,M
王斯立,M
王随军,M
王太平,M
王泰蒙,M
王涛,M
王涛,M
王涛,M
王韬权,M
王腾鹤,M
王天淳,M
王天丁,M
王天洪,M
王天剑,M
王天琦,M
王天庆,M
王天野,M
王天予,M
王旺,M
王威,M
王威崴,M
王威智,M
王巍子,M
王唯一,M
王维一,M
王伟川,M
王伟杰,M
王玮,M
王卫,M
王卫东,M
王文斌,M
王文博,M
王文达,M
王武松,M
王曦,M
王相睿,M
王祥,M
王祥宁,M
王潇,M
王小林,M
王晓东,M
王晓东,M
王晓栋,M
王晓涛,M
王啸宸,M
王心从,M
王欣宇,M
王新光,M
王新宇,M
王新征,M
王歆,M
王歆赜,M
王星铭,M
王兴民,M
王旭,M
王旭,M
王旭康,M
王暄,M
王学俊,M
王学知,M
王雪超,M
王雪成,M
王亚楠,M
王亚雄,M
王言,M
王言标,M
王彦焜,M
王扬立,M
王垚,M
王烨东,M
王一昂,M
王一白,M
王一帆,M
王一峰,M
王一航,M
王一杰,M
王一阳,M
王祎竹,M
王义鹏,M
王义平,M
王易檀,M
王奕晟,M
王逸飞,M
王逸昀,M
王毅杰,M
王毅龙,M
王银力,M
王英瀚,M
王英震,M
王赢绪,M
王勇,M
王有智,M
王酉哲,M
王余群,M
王俞涵,M
王予平,M
王宇晗,M
王宇涛,M
王雨晨,M
王禹,M
王禹程,M
王禹翔,M
王禹鑫,M
王玉璞,M
王昱人,M
王袁成,M
王远,M
王远东,M
王玥,M
王悦齐,M
王云飞,M
王云鹏,M
王韵杰,M
王则候,M
王泽坤,M
王泽奇,M
王泽生,M
王泽阳,M
王泽洋,M
王章杰,M
王长庚,M
王昭峰,M
王哲,M
王哲睿,M
王哲睿,M
王真,M
王振宇,M
王振宇,M
王振志,M
王震,M
王征,M
王政,M
王政杰,M
王政荣,M
王至璞,M
王志超,M
王志成,M
王志涵,M
王志江,M
王志兴,M
王志远,M
王治飞,M
王治乔,M
王智彬,M
王中一,M
王舟飏,M
王卓,M
王卓程,M
王子昌,M
王子辰,M
王子航,M
王子桁,M
王子键,M
王子乐,M
王子鸣,M
王子宁,M
王子惟,M
王子银,M
王子瑜,M
王子禹,M
王子昱,M
王子源,M
王梓,M
王梓博,M
王梓存,M
王梓枫,M
王梓涵,M
王梓凯,M
王自航,M
王自强,M
王宗穆,M
王祖锟,M
韦晨阳,M
韦沛良,M
韦恬宇,M
韦毅龙,M
韦毅龙,M
卫航,M
卫翔宇,M
卫翔宇,M
卫潇,M
蔚文乐,M
魏斌,M
魏大同,M
魏峰,M
魏龚平,M
魏昊天,M
魏浩宇,M
魏君毅,M
魏来,M
魏梦麟,M
魏沫晗,M
魏钦远,M
魏守鑫,M
魏彤,M
魏巍威,M
魏文罡,M
魏晓晨,M
魏鑫,M
魏奕鸣,M
魏英杰,M
魏宇宁,M
魏元,M
魏卓宇,M
魏子杰,M
魏子昆,M
温家梁,M
温凯隆,M
温珂,M
温科,M
温林丰,M
温拓朴,M
温叙来,M
温艳晨,M
文昊翔,M
文家豪,M
文世铭,M
翁凡皓,M
翁文海,M
邬昊天,M
邬军,M
邬铭,M
巫宇轩,M
巫子涵,M
吴安邦,M
吴安鹏,M
吴犇寅,M
吴彬,M
吴秉翰,M
吴博川,M
吴超逸,M
吴晨贝,M
吴晨玮,M
吴次鑫,M
吴岱,M
吴得瑀,M
吴东霖,M
吴风荣,M
吴庚键,M
吴过,M
吴瀚翔,M
吴昊,M
吴昊,M
吴昊,M
吴昊宸,M
吴宏毅,M
吴化龙,M
吴嘉亨,M
吴嘉文,M
吴键军,M
吴金凡,M
吴金峰,M
吴晋邦,M
吴景社,M
吴靖杰,M
吴俊,M
吴俊杰,M
吴俊睿,M
吴俊彦,M
吴凯,M
吴科杰,M
吴乐蒙,M
吴雷,M
吴磊,M
吴立立,M
吴凌峰,M
吴马俊男,M
吴萌,M
吴铭,M
吴楠,M
吴沛航,M
吴其彪,M
吴琦,M
吴启迪,M
吴秦朗,M
吴清玺,M
吴泉熹,M
吴锐恒,M
吴偌灏,M
吴双辰,M
吴思远,M
吴斯捷,M
吴庭熙,M
吴桐安,M
吴汪哲,M
吴维勰,M
吴文博,M
吴翔,M
吴昕,M
吴炀,M
吴轶凡,M
吴奕君,M
吴益轩,M
吴逸夫,M
吴翊铭,M
吴银君,M
吴颖峰,M
吴永辉,M
吴域潇,M
吴越,M
吴越飏,M
吴韫聪,M
吴泽涛,M
吴昭含,M
吴照伟,M
吴照伟,M
吴智光,M
吴钟茂,M
吴钟全,M
吴卓奇,M
吴卓怿,M
吴子涵,M
吴宗泽,M
伍康,M
武传鹏,M
武定洲,M
武国辉,M
武津锐,M
武康,M
武守宪,M
武翔,M
武晓忠,M
武亦乾,M
武勇,M
武哲睿,M
武正奇,M
武正奇,M
武智源,M
奚堃博,M
奚震宇,M
席朝阳,M
席嘉胤,M
席志杰,M
袭禹,M
夏冰,M
夏伯文,M
夏成锴,M
夏涵,M
夏林林,M
夏明海,M
夏思远,M
夏天,M
夏宛昆,M
夏文轩,M
夏显龙,M
夏彦欣,M
夏一鸣,M
夏咏嘉,M
夏宇豪,M
相成,M
相腾,M
向立严,M
向睿洋,M
向尚,M
向栩,M
向子豪,M
项冲,M
肖本志,M
肖昌明,M
肖冬,M
肖光达,M
肖涵,M
肖俊,M
肖力川,M
肖冕,M
肖人杰,M
肖睿,M
肖书生,M
肖特嗣,M
肖腾,M
肖万博,M
肖威,M
肖维新,M
肖雄,M
肖遥,M
肖烨,M
肖逸飞,M
肖毅晨,M
肖英勃,M
肖宇,M
肖宇轩,M
肖煜,M
肖源,M
肖运聪,M
肖泽寰,M
肖正君,M
肖志成,M
谢博涵,M
谢超,M
谢陈皓玮,M
谢闯,M
谢达轩,M
谢尔贵,M
谢芳柏,M
谢丰羽,M
谢光鑫,M
谢翰希,M
谢浩东,M
谢继威,M
谢佳成,M
谢佳羽,M
谢金宇,M
谢经纬,M
谢俊彦,M
谢佩辰,M
谢韶峰,M
谢天,M
谢炜,M
谢易宏,M
谢逸维,M
谢应明,M
谢泽威,M
谢占鸿,M
谢长龙,M
谢臻,M
谢宗骐,M
辛浩浩,M
辛未,M
辛文磊,M
邢倍宁,M
邢辰,M
邢浩宇,M
邢家瑞,M
邢维哲,M
邢伟,M
邢新宇,M
邢哲,M
熊博远,M
熊畅,M
熊晨宇,M
熊经纬,M
熊俊义,M
熊凯璐,M
熊亮懿,M
熊若尧,M
熊帅,M
熊苇,M
熊宇航,M
熊玉民,M
熊章輝,M
熊振军,M
熊梓皓,M
宿文华,M
宿彦杰,M
宿玉飞,M
胥成,M
胥临轩,M
胥彤岳,M
胥文豪,M
胥晓宇,M
徐晨,M
徐晨冉,M
徐诚,M
徐铖,M
徐道唐,M
徐雕龙,M
徐冬阳,M
徐方进,M
徐放,M
徐峰,M
徐刚,M
徐涵,M
徐浩,M
徐洪建,M
徐欢,M
徐辉,M
徐集思,M
徐佳豪,M
徐佳庆,M
徐家昂,M
徐嘉宇,M
徐江平,M
徐锦涛,M
徐进,M
徐俊燊,M
徐凯炎,M
徐康健,M
徐可昊,M
徐立鼎,M
徐名琛,M
徐鹏飞,M
徐强,M
徐乔,M
徐仁翰,M
徐润钧,M
徐世罗杰,M
徐硕,M
徐涛,M
徐蔚然,M
徐文浩,M
徐星宇,M
徐栩海,M
徐延锋,M
徐一帆,M
徐一凡,M
徐义深,M
徐毅航,M
徐印城,M
徐颖杰,M
徐玉光,M
徐育新,M
徐云昊,M
徐张诣,M
徐振成,M
徐峥,M
徐正,M
徐之恒,M
徐竹宣,M
徐子涵,M
徐子琪,M
徐子轩,M
徐梓凡,M
徐紫东,M
徐祖炀,M
许昌民,M
许成铭,M
许成伍,M
许杵,M
许锷,M
许国强,M
许海龙,M
许含笑,M
许昊然,M
许皓瑞,M
许宏达,M
许家栋,M
许家齐,M
许嘉诺,M
许晋文,M
许经捷,M
许君杰,M
许骏洲,M
许凯,M
许铿博,M
许宽达,M
许岚清,M
许磊,M
许立,M
许鲁珉,M
许诺,M
许奇,M
许乾威,M
许扬旌,M
许杨波,M
许洋,M
许耀,M
许悦,M
许云贝,M
许云宗,M
许泽,M
许长军,M
许振龙,M
许子洋,M
宣柳,M
宣智洋,M
玄成辉,M
薛东晓,M
薛藩强,M
薛峰,M
薛童,M
薛翔予,M
薛啸天,M
薛禹辰,M
闫丙松,M
闫浩,M
闫刘远,M
闫论,M
闫鹏,M
闫润泽,M
闫圣元,M
闫世赓,M
闫硕,M
闫相宇,M
闫啸男,M
闫旭,M
闫昭洲,M
闫桢,M
闫重阳,M
闫子临,M
闫子麒,M
严发果,M
严行,M
严颢然,M
严靖凯,M
严上杰,M
严天宇,M
严煜凌,M
严正一方,M
阎家骏,M
阎钧,M
阎述辰,M
颜峻,M
颜思行,M
颜文强,M
颜心斐,M
颜子杰,M
颜子钧,M
晏喆,M
晏智翔,M
燕昊,M
羊彦舟,M
阳宁,M
阳旭,M
杨奥森,M
杨百川,M
杨波,M
杨博,M
杨昌和,M
杨昌清,M
杨超,M
杨陈浩彤,M
杨晨,M
杨成武,M
杨铖航,M
杨程,M
杨春晖,M
杨东辉,M
杨冬偶,M
杨帆,M
杨帆,M
杨帆,M
杨帆,M
杨帆,M
杨藩,M
杨凡,M
杨光,M
杨光,M
杨贵银,M
杨桂东,M
杨桂平,M
杨汉普,M
杨航,M
杨昊,M
杨昊光,M
杨昊霖,M
杨浩,M
杨浩天,M
杨浩鑫,M
杨浩艺,M
杨皓,M
杨宏华,M
杨宏龙,M
杨宏伟,M
杨泓,M
杨鸿哲,M
杨欢,M
杨惠临,M
杨佳鸣,M
杨家旺,M
杨坚争,M
杨建,M
杨杰,M
杨金磊,M
杨景,M
杨靖桥,M
杨君尧,M
杨凯黔,M
杨康,M
杨可志,M
杨坤,M
杨坤,M
杨昆,M
杨昆龙,M
杨垒,M
杨良峰,M
杨流,M
杨洛,M
杨萌华,M
杨明钰,M
杨明岳,M
杨铭鑫,M
杨目奕,M
杨楠,M
杨宁,M
杨培艺,M
杨沛琦,M
杨鹏飞,M
杨奇,M
杨麒洺,M
杨启东,M
杨琼宇,M
杨润延,M
杨森,M
杨圣松,M
杨士博,M
杨世栋,M
杨双恺,M
杨硕,M
杨思宸,M
杨涛,M
杨涛,M
杨特,M
杨天,M
杨天罡,M
杨天黎,M
杨天龙,M
杨天任,M
杨天舒,M
杨天一,M
杨桐,M
杨皖宁,M
杨万民,M
杨文博,M
杨文昊,M
杨西民,M
杨先宇,M
杨小男,M
杨晓,M
杨晓震,M
杨心志,M
杨昕陶,M
杨新雨,M
杨鑫,M
杨鑫宇,M
杨星宇,M
杨兴龙,M
杨兴岳,M
杨旭,M
杨旭洲,M
杨轩,M
杨阳,M
杨阳,M
杨洋,M
杨一弦,M
杨逸,M
杨永坤,M
杨勇,M
杨宇琛,M
杨宇辰,M
杨宇初,M
杨宇琦,M
杨宇同,M
杨宇喆,M
杨雨辰,M
杨禹,M
杨钰堃,M
杨远帆,M
杨再欣,M
杨泽镔,M
杨泽生,M
杨泽毅,M
杨占春,M
杨兆丰,M
杨哲,M
杨哲涵,M
杨镇恺,M
杨征,M
杨正周,M
杨知乐,M
杨志坚,M
杨智,M
杨智,M
杨智涵,M
杨智恺,M
杨中天,M
杨子宸,M
杨子豪,M
杨子恒,M
杨宗豪,M
杨祖睿,M
姚富根,M
姚迦文,M
姚嘉豪,M
姚蒙,M
姚鹏,M
姚睿,M
姚顺宇,M
姚思圆,M
姚天,M
姚尧,M
姚宇晨,M
姚禹歌,M
姚远,M
姚远,M
要玥,M
叶辰,M
叶德铭,M
叶方丹,M
叶根,M
叶豪,M
叶昊晟,M
叶加干,M
叶嘉伟,M
叶箭超,M
叶杰,M
叶骏,M
叶坤铠,M
叶明鑫,M
叶瑞祺,M
叶赛,M
叶圣哲,M
叶思壮,M
叶曦,M
叶祥睿,M
叶新联,M
叶鑫楠,M
叶星宏,M
叶余桦,M
叶泽轩,M
叶钊达,M
叶钟天,M
叶壮,M
叶子豪,M
衣铭,M
衣壮,M
易强,M
易生,M
裔志辉,M
殷达,M
殷若瑜,M
殷晓立,M
殷悦祥,M
殷志超,M
尹朝文,M
尹冲,M
尹高雷,M
尹航,M
尹际豪,M
尹天成,M
尹一童,M
尹振宇,M
尹峥,M
尹智,M
尹中旭,M
尹子尤,M
应航,M
应浩,M
应浩晖,M
应嘉成,M
应子奇,M
雍培,M
尤润琪,M
尤一菲,M
游东川,M
游晟,M
于冰鑫,M
于超,M
于传玉,M
于海涛,M
于翰楠,M
于昊天,M
于昊甬,M
于浩,M
于贺,M
于恒睿,M
于宏利,M
于华旭,M
于甲达,M
于江,M
于金铭,M
于俊杰,M
于凯文,M
于科屹,M
于雷,M
于璐僮,M
于淼,M
于盛远,M
于书屹,M
于斯寒,M
于庭轩,M
于宵,M
于晓航,M
于亦涛,M
于跃,M
于泽源,M
于章驰,M
于宙,M
余超元,M
余德钧,M
余京男,M
余竞天,M
余徕,M
余良杰,M
余庆,M
余天呈,M
余天瑞,M
余旺仔,M
余文登,M
余文卓,M
余物非,M
余潇,M
余昕越,M
余言哲,M
余洋,M
余义丰,M
余永强,M
余周舟,M
余子迪,M
余自鑫,M
俞超群,M
俞鼎力,M
俞俊光,M
俞乐,M
俞文韬,M
虞进,M
虞立人,M
虞芃菲,M
虞翔,M
虞越,M
虞志刚,M
虞子昊,M
郁陟壹,M
郁中秋,M
喻建伟,M
喻澍,M
喻顺,M
喻望,M
喻晓东,M
喻岩,M
喻哲扬,M
喻子轩,M
袁超,M
袁德政,M
袁东筱,M
袁航,M
袁昊,M
袁浩铭,M
袁宏伟,M
袁纪尧,M
袁健,M
袁杰,M
袁精蔚,M
袁靖程,M
袁铭,M
袁琪,M
袁锐,M
袁赛,M
袁新,M
袁影超,M
袁永兵,M
袁玉玮,M
袁钰林,M
袁智扬,M
袁子,M
原显智,M
苑鹏飞,M
岳东,M
岳晗,M
岳奇言,M
岳潇翰,M
岳章,M
臧庚耀,M
臧伟奇,M
翟安若,M
翟川,M
翟纯玉,M
翟锦鹏,M
翟连杰,M
翟鹏飞,M
翟天时,M
翟逸凡,M
翟志翔,M
詹锐超,M
詹智成,M
詹智勤,M
詹周达,M
占杰弢,M
张安宇,M
张宝岭,M
张宝硕,M
张宝增,M
张保强,M
张贝,M
张本超,M
张铂尧,M
张博,M
张博,M
张博,M
张博红,M
张博钦,M
张博洋,M
张博宇,M
张超,M
张超,M
张超然,M
张辰,M
张辰铎,M
张宸绪,M
张晨曦,M
张晨曦,M
张成,M
张诚,M
张诚纯,M
张承军,M
张程鑫,M
张弛,M
张弛融,M
张驰,M
张炽,M
张憧宇,M
张传强,M
张垂范,M
张春林,M
张从圣,M
张岱坚,M
张丹,M
张德斌,M
张迪,M
张弟,M
张栋,M
张尔弩,M
张凡,M
张放,M
张丰豪,M
张枫林,M
张枫雨,M
张富,M
张富富,M
张耕,M
张耿宇,M
张冠斓,M
张冠伟,M
张贵琳,M
张国祯,M
张海强,M
张晗,M
张菡,M
张翰宇,M
张昊,M
张昊,M
张昊然,M
张昊文,M
张浩,M
张浩,M
张浩东,M
张浩然,M
张浩然,M
张浩玮,M
张浩宇,M
张訸,M
张贺,M
张红发,M
张鸿浩,M
张鸿基,M
张鸿铭,M
张厚博,M
张虎,M
张怀宇,M
张煌,M
张辉,M
张汇元,M
张家诚,M
张家铖,M
张家豪,M
张家衡,M
张家铭,M
张家铭,M
张家瑞,M
张家玮,M
张剑锋,M
张健辉,M
张江源,M
张杰,M
张金成,M
张锦源,M
张晋珲,M
张京粤,M
张景尧,M
张景云,M
张靖毅,M
张靖知,M
张静斌,M
张居宸,M
张钧铎,M
张俊逸,M
张俊毅,M
张隽瑀,M
张开颜,M
张开元,M
张开元,M
张凯,M
张凯文,M
张凯奕,M
张康伟,M
张珂祯,M
张昆贤,M
张蓝冰,M
张乐尧,M
张磊,M
张磊,M
张磊,M
张磊,M
张黎明,M
张力夫,M
张力培,M
张力仁,M
张力翔,M
张立坤,M
张立巍,M
张立伟,M
张良宝,M
张梁,M
张椋杰,M
张亮,M
张亮,M
张林,M
张林川,M
张灵骏,M
张凌峰,M
张凌雨,M
张鹿颂,M
张淼,M
张明年,M
张明卓,M
张穆清,M
张楠,M
张楠,M
张宁辕,M
张弩,M
张沛吉,M
张沛韵,M
张鹏,M
张鹏,M
张鹏飞,M
张岂铭,M
张启航,M
张启明,M
张谦,M
张强,M
张清楠,M
张韧毫,M
张汝正,M
张锐,M
张瑞,M
张瑞吉,M
张瑞祺,M
张瑞庭,M
张睿,M
张睿,M
张睿哲,M
张睿喆,M
张润洋,M
张赛,M
张森垚,M
张劭琨,M
张珅,M
张生,M
张胜杰,M
张晟,M
张书然,M
张书田,M
张舒策,M
张舒程,M
张帅,M
张帅,M
张顺,M
张硕,M
张硕,M
张思罡,M
张思源,M
张思远,M
张松,M
张涛,M
张涛涛,M
张涛铸,M
张腾,M
张天弛,M
张天亮,M
张天闻,M
张天曦,M
张天一,M
张天应,M
张天庸,M
张天宇,M
张天择,M
张庭荣,M
张万顺,M
张威,M
张巍,M
张唯一,M
张伟,M
张伟力,M
张文博,M
张文涛,M
张文韬,M
张文宇,M
张武豪,M
张希坤,M
张先璐,M
张翔,M
张翔宇,M
张向辉,M
张晓鹏,M
张笑然,M
张欣阳,M
张新奇,M
张鑫,M
张鑫江,M
张鑫埔,M
张鑫垚,M
张鑫宇,M
张信志,M
张旭,M
张旭,M
张旭东,M
张煦,M
张轩,M
张轩,M
张玄同,M
张学平,M
张学智,M
张亚东,M
张亚强,M
张亚潇,M
张延川,M
张延松,M
张晏瑞,M
张阳阳,M
张耀天,M
张耀武,M
张一,M
张一弛,M
张一帆,M
张一弓,M
张一鹏,M
张一震,M
张艺檬,M
张怿良,M
张益,M
张逸飞,M
张逸舟,M
张翊彬,M
张翼,M
张懿德,M
张永博,M
张勇,M
张友森,M
张瑜,M
张瑜铎,M
张宇,M
张宇,M
张宇帆,M
张宇航,M
张宇航,M
张宇轩,M
张宇源,M
张宇哲,M
张宇知,M
张宇洲,M
张雨非,M
张玉栋,M
张玉麟,M
张玉威,M
张玉潇,M
张钰,M
张煜奇,M
张毓枫,M
张员豪,M
张源,M
张远成,M
张钺,M
张云睿,M
张云舒,M
张云喆,M
张泽,M
张泽凡,M
张泽凡,M
张泽宇,M
张泽禹,M
张增星,M
张展志,M
张战红,M
张钊,M
张兆乾,M
张照鹏,M
张肇维,M
张哲豪,M
张哲轩,M
张振磊,M
张振颖,M
张正,M
张正,M
张正庆,M
张正圆,M
张志豪,M
张志华,M
张智钧,M
张智荣,M
张智尧,M
张智愚,M
张智予,M
张智昱,M
张忠圻,M
张仲炜,M
张卓然,M
张卓臻,M
张子昂,M
张子楚,M
张子涵,M
张子健,M
张子蒙,M
张子祺,M
张子瑞,M
张子玄,M
张子扬,M
张子旸,M
张子尧,M
张子逸,M
张子瑜,M
张子钰,M
张子悦,M
张梓晨,M
章宸铭,M
章程,M
章果伏,M
章航,M
章弘宇,M
章启峰,M
章维,M
章炜宏,M
章玄润,M
章哲,M
章哲宁,M
章圳黎,M
章振坤,M
赵昂然,M
赵遨天,M
赵邦,M
赵宝旭,M
赵斌,M
赵伯钧,M
赵博文,M
赵昌顺,M
赵辰宇,M
赵晨,M
赵晨峰,M
赵晨琳,M
赵成龙,M
赵成然,M
赵达,M
赵东环,M
赵恩铎,M
赵恩民,M
赵甘霖,M
赵冠江,M
赵贵佳,M
赵郭成,M
赵昊楠,M
赵浩宇,M
赵贺,M
赵华南,M
赵华阳,M
赵辉,M
赵继之,M
赵佳迪,M
赵嘉佶,M
赵嘉坤,M
赵嘉云,M
赵建平,M
赵健龙,M
赵杰,M
赵杰,M
赵金昊,M
赵玖桐,M
赵俊翔,M
赵竣奕,M
赵凯欣,M
赵珂,M
赵克纬,M
赵匡宇,M
赵磊,M
赵律童,M
赵梦杰,M
赵梦尧,M
赵乃乐,M
赵培钧,M
赵鹏,M
赵鹏,M
赵鹏程,M
赵鹏裕,M
赵琪,M
赵启森,M
赵谦,M
赵乾,M
赵强,M
赵庆铂,M
赵全胜,M
赵森,M
赵书扬,M
赵帅帅,M
赵天奕,M
赵天宇,M
赵挺,M
赵桐,M
赵维家,M
赵维珏,M
赵伟,M
赵文楠,M
赵文涛,M
赵显森,M
赵相浩,M
赵祥伟,M
赵翔宇,M
赵晓明,M
赵晓宇,M
赵忻睿,M
赵新,M
赵新华,M
赵雄,M
赵勋,M
赵彥皓,M
赵阳杰,M
赵一嘉,M
赵漪涛,M
赵弋斐,M
赵奕儒,M
赵逸凡,M
赵俞丞,M
赵予韬,M
赵宇航,M
赵宇阳,M
赵雨生,M
赵玉栋,M
赵远,M
赵远方,M
赵悦,M
赵越,M
赵越,M
赵越,M
赵云,M
赵云杰,M
赵云星,M
赵昀昊,M
赵泽睿,M
赵振宇,M
赵志豪,M
赵智超,M
赵子安,M
赵子蒙,M
赵子溢,M
赵梓辰,M
赵梓钦,M
赵梓文,M
赵自强,M
折江波,M
甄明昊,M
郑冰,M
郑博文,M
郑晨,M
郑成伟,M
郑海明,M
郑昊,M
郑杰明,M
郑钧译,M
郑楷,M
郑吕,M
郑乃天,M
郑培凯,M
郑琪霖,M
郑钦中,M
郑钦中,M
郑仁义,M
郑锐鑫,M
郑树人,M
郑涛杰,M
郑天镭,M
郑天意,M
郑文举,M
郑湘,M
郑胥睿,M
郑旭超,M
郑煦韬,M
郑暄,M
郑雅伟,M
郑亚超,M
郑钥方,M
郑毅,M
郑有楠,M
郑予凡,M
郑宇,M
郑泽琦,M
郑泽荣,M
郑子皓,M
郑棕禅,M
职晓松,M
职政,M
钟晨宁,M
钟大泽,M
钟皓曦,M
钟宏达,M
钟科,M
钟李隽仁,M
钟明浩,M
钟南海,M
钟守超,M
钟守学,M
钟涛,M
钟蔚雄,M
钟彦杰,M
钟扬,M
钟一鸣,M
钟一阳,M
钟域人,M
钟元鑫,M
钟原,M
钟镇廷,M
钟正桥,M
钟志鹏,M
仲海波,M
仲琦,M
仲启蒙,M
周安,M
周炳旭,M
周昶兴,M
周成,M
周成双,M
周承千,M
周传庆,M
周德伦,M
周涤昆,M
周冬,M
周方易,M
周奉智,M
周高鼎,M
周国徽,M
周晗,M
周涵韬,M
周航,M
周浩文,M
周弘祚,M
周泓霖,M
周华真,M
周辉,M
周慧贤,M
周继轩,M
周嘉麟,M
周建丞,M
周劲松,M
周景松,M
周敬力,M
周俊杰,M
周凯,M
周凯,M
周凯钧,M
周可人,M
周磊,M
周良宇,M
周林,M
周琳森,M
周凌峰,M
周秘,M
周旻,M
周明山,M
周铭,M
周攀,M
周奇,M
周祺,M
周锐芒,M
周瑞骅,M
周杉,M
周升浩,M
周舒义,M
周思昊,M
周思吉,M
周斯宇,M
周嵩越,M
周颂祈,M
周唐麟,M
周天茗,M
周天舒,M
周围,M
周伟,M
周伟杰,M
周文卿,M
周文轩,M
周武略,M
周熙霖,M
周枭羽,M
周新宇,M
周鑫,M
周徐意,M
周旭磊,M
周煦尧,M
周亚飞,M
周亚平,M
周彦臣,M
周洋,M
周怡然,M
周以凡,M
周义钧,M
周易,M
周奕,M
周奕旭,M
周益民,M
周瑜,M
周宇,M
周雨粟,M
周沅霖,M
周泽伟,M
周泽学,M
周泽阳,M
周战航,M
周兆军,M
周哲,M
周臻,M
周知,M
周忠鹏,M
周洲,M
周卓伟,M
周卓越,M
周滋涵,M
周子钧,M
周子凯,M
周子堃,M
周子力,M
周子平,M
周子琦,M
周子淞,M
周子威,M
周子彦,M
周自衡,M
周宗昊,M
朱柏旭,M
朱博炜,M
朱博文,M
朱宸来,M
朱成,M
朱成伟,M
朱承泽,M
朱德敏,M
朱昊东,M
朱昊东,M
朱衡,M
朱宏志,M
朱洪贤,M
朱嘉迪,M
朱嘉鹏,M
朱健华,M
朱蒋予,M
朱金森,M
朱锦天,M
朱进杰,M
朱劲翔,M
朱晋弘,M
朱俊,M
朱俊杰,M
朱凯,M
朱珂,M
朱克强,M
朱亮,M
朱灵均,M
朱陆琦,M
朱茂林,M
朱猛,M
朱暖凉,M
朱培豪,M
朱霈,M
朱鹏飞,M
朱鹏飞,M
朱鹏力,M
朱起龙,M
朱庆业,M
朱然绪,M
朱润喆,M
朱晟杰,M
朱仕达,M
朱思澄,M
朱思磊,M
朱天澄,M
朱天嶕,M
朱熙,M
朱修瑞,M
朱旭,M
朱亚江,M
朱义川,M
朱奕霖,M
朱营,M
朱永兴,M
朱昱吉,M
朱兆成,M
朱哲皞,M
朱哲毅,M
朱振华,M
朱志超,M
朱子辰,M
朱子杰,M
朱子霖,M
朱子宁,M
朱子宜,M
竺佳栋,M
祝弼坤,M
祝放,M
祝培鑫,M
祝天一,M
祝运海,M
祝子建,M
庄宏宇,M
庄盛盛,M
庄天翼,M
庄鑫宇,M
庄泽浩,M
卓志超,M
宗辰,M
宗艺,M
邹宝明,M
邹冰洋,M
邹才文,M
邹昊霖,M
邹嘉诚,M
邹磊,M
邹明昊,M
邹念龙,M
邹世博,M
邹思,M
邹旭,M
邹弋,M
邹宇涵,M
邹智高,M
邹钟毓,M
邹舟,M
俎富豪,M
祖新瑞,M
左佳奇,M
左建飞,M
左金明,M
左奎峰,M
左堃,M
左世靖,M
左世良,M
左天佑,M
艾艺,F
艾章习,F
安婧雯,F
安岚,F
安曼,F
安孟瑶,F
安乔,F
安然,F
安旸,F
安奕,F
安颖,F
敖迪,F
敖蕊,F
白荻,F
白皓月,F
白桦林,F
白姣姣,F
白礼晴,F
白罗兰,F
白乔子,F
白晴文,F
白申昊,F
白一凡,F
白翊含,F
白悦伶,F
白越,F
白紫微,F
柏雨薇,F
包诚杨,F
包莉满,F
包明明,F
包学莲,F
包祎亭,F
包雨青,F
薄乃元,F
薄盈超,F
保先丽,F
保宇凤,F
鲍天璐,F
鲍文涵,F
鲍文明,F
鲍徐婵,F
鲍忆涵,F
毕大玉,F
毕红博,F
毕赛阳,F
毕莹,F
毕泽雪,F
毕铮,F
边航,F
边妍丹,F
卞爱迪,F
卞嘉音,F
宾凤娟,F
卜端端,F
卜静,F
卜燃,F
卜尚聪,F
卜玮,F
卜一擘,F
才东玉,F
蔡安然,F
蔡冠宇,F
蔡季桐,F
蔡嘉昱,F
蔡曼琳,F
蔡梦娜,F
蔡祺玥,F
蔡茜茜,F
蔡青芯,F
蔡晴,F
蔡顺婉,F
蔡文瑞,F
蔡月琳,F
蔡蕴,F
蔡子涵,F
曹华,F
曹沥方,F
曹秋琪,F
曹双,F
曹薇,F
曹汶静,F
曹馨予,F
曹雪蓉,F
曹雪云,F
曹亚雷,F
曹雁彬,F
曹宇新,F
曹雨晴,F
曹雨桐,F
曹誉馨,F
曹媛媛,F
曹云舒,F
曹致渌,F
曹竹吟,F
岑璐宇,F
岑培凯,F
岑舒怡,F
曾必瑜,F
曾楚伦,F
曾丹蓓,F
曾芳莹,F
曾焕婷,F
曾慧楠,F
曾嘉灵,F
曾尖,F
曾丽锦,F
曾莉,F
曾琳,F
曾柳卿,F
曾倪,F
曾青,F
曾秋华,F
曾婉玲,F
曾薇佳,F
曾晓娟,F
曾旭华,F
曾雪薇,F
曾亦嘉,F
曾媛,F
曾蕴,F
曾正兰,F
曾卓,F
柴澄昊,F
柴海莉,F
柴然,F
柴昕,F
常丹琪,F
常虹,F
常婕,F
常乐,F
常勤缘,F
常惜春,F
常昕,F
常远,F
晁莹,F
陈安冉,F
陈奥楠,F
陈碧钰,F
陈冰清,F
陈博,F
陈步云,F
陈岑,F
陈辰,F
陈宸,F
陈晨,F
陈晨,F
陈晨,F
陈晨,F
陈楚烨,F
陈闯霞,F
陈春颖,F
陈丹丹,F
陈苟婕,F
陈桂敏,F
陈海燕,F
陈晗,F
陈瀚乔,F
陈昊,F
陈红君,F
陈虹,F
陈桦青,F
陈绘衣,F
陈佳,F
陈佳浩,F
陈佳静,F
陈佳莉,F
陈佳霖,F
陈佳柔,F
陈佳仪,F
陈佳莹,F
陈佳钰,F
陈嘉欣,F
陈嘉旭,F
陈洁,F
陈洁,F
陈洁,F
陈结儿,F
陈金琳,F
陈瑾莹,F
陈劲秋,F
陈晋蕾,F
陈晶,F
陈婧,F
陈婧佳,F
陈静怡,F
陈静宜,F
陈君颖,F
陈俊如,F
陈俊妤,F
陈凯琳,F
陈科比,F
陈可欣,F
陈蕾,F
陈俐瑾,F
陈琳芃,F
陈璐,F
陈露,F
陈露笛,F
陈茂,F
陈美,F
陈美佳,F
陈苗,F
陈苗,F
陈齐,F
陈其慧,F
陈琪晓,F
陈琦,F
陈琦琳,F
陈千鹤,F
陈芊宇,F
陈茜,F
陈秋怡,F
陈铨,F
陈容黎,F
陈蕊,F
陈睿雯,F
陈润丰,F
陈若曦,F
陈赛,F
陈赛格,F
陈沙沙,F
陈砂杉,F
陈杉,F
陈书琴,F
陈姝霏,F
陈舒,F
陈舒涵,F
陈舒萍,F
陈舒婷,F
陈舒歆,F
陈爽,F
陈思宏,F
陈思言,F
陈思颖,F
陈思宇,F
陈思羽,F
陈思竹,F
陈天丹,F
陈天丫,F
陈天玉,F
陈添颖,F
陈亭艺,F
陈婷,F
陈婷婷,F
陈童,F
陈婉玥,F
陈威然,F
陈维可,F
陈炜玥,F
陈雯静,F
陈西霞,F
陈曦,F
陈喜燕,F
陈显,F
陈潇,F
陈小凡,F
陈小清,F
陈晓涵,F
陈晓兰,F
陈晓莉,F
陈晓眉,F
陈晓霞,F
陈晓艳,F
陈晓燕,F
陈笑翎,F
陈笑楠,F
陈效,F
陈心谌,F
陈心悦,F
陈欣媛,F
陈馨怡,F
陈鑫,F
陈星贝,F
陈萱,F
陈旋旋,F
陈璇,F
陈璇,F
陈雪飞,F
陈雪菲,F
陈雪慧,F
陈雪萌,F
陈雪瑶,F
陈雅芬,F
陈雅鑫,F
陈亚涵,F
陈亚璇,F
陈彦昕,F
陈艳,F
陈艳姣,F
陈艳丽,F
陈艳萍,F
陈阳,F
陈阳皓月,F
陈阳慧,F
陈杨杨,F
陈瑶,F
陈瑶,F
陈瑶,F
陈耀文,F
陈伊滢,F
陈怡丹,F
陈艺,F
陈亦超,F
陈易卓,F
陈奕君,F
陈奕君,F
陈茵,F
陈莹,F
陈莹,F
陈莹莹,F
陈颖,F
陈颖,F
陈颖华,F
陈映彤,F
陈优佳,F
陈瑜,F
陈予,F
陈宇彤,F
陈宇星,F
陈雨露,F
陈雨婷,F
陈玉,F
陈钰,F
陈裕晴,F
陈毓涵,F
陈豫欣,F
陈媛,F
陈月,F
陈月明,F
陈悦,F
陈跃璇,F
陈越扬,F
陈珍,F
陈志男,F
陈志婷,F
陈卓,F
陈卓菱,F
陈卓然,F
陈卓文,F
陈子如,F
陈子扬,F
陈子悦,F
陈紫希,F
陈紫箫,F
成坚,F
成玫芗,F
成诺,F
成乡,F
成羿菲,F
成自然,F
程爱窈,F
程冰玉,F
程宬,F
程道琰,F
程竞萱,F
程静,F
程丽霞,F
程明皓,F
程倩婷,F
程瑞梅,F
程诗慧,F
程欣,F
程玄玲,F
程选州,F
程雪菲,F
程瑶,F
仇心惟,F
仇一涵,F
储春爱,F
储韵杨,F
楚梦琳,F
楚悦晨,F
褚莹琦,F
丛晓雯,F
丛雪冰,F
丛泽平,F
崔璨,F
崔丹阳,F
崔迪扬,F
崔东琪,F
崔瀚匀,F
崔珈瑜,F
崔嘉琪,F
崔洁,F
崔婕,F
崔君翼,F
崔恺祎,F
崔路彤,F
崔榕,F
崔婉怡,F
崔文静,F
崔昕,F
崔馨月,F
崔馨月,F
崔星宇,F
崔雪媚,F
崔雪宁,F
崔银,F
崔雨秋,F
崔玉华,F
代福博,F
代静怡,F
代莉萍,F
代晓翠,F
代筱,F
代艺,F
代园祎,F
戴博文,F
戴芳芳,F
戴慧中,F
戴婧婧,F
戴刘凤,F
戴佩琪,F
戴诗洁,F
戴思远,F
戴逸琳,F
戴逸茹,F
戴宇思,F
戴阅,F
戴桢颖,F
单金彤,F
单薇,F
单馨,F
党洁,F
党宁,F
刀睿,F
邓阿莲,F
邓承斯,F
邓驰旻,F
邓方莹,F
邓菲,F
邓涪化,F
邓慧茹,F
邓晶晶,F
邓可人,F
邓孟迪,F
邓楠,F
邓楠楠,F
邓频,F
邓清卿,F
邓嵘,F
邓思艺,F
邓惟思,F
邓雅心,F
邓艺,F
邓熠,F
邓颖,F
邓宇,F
狄伊烜,F
刁爱敏,F
刁赫南,F
丁贝琦,F
丁方洁,F
丁芳,F
丁海霞,F
丁昊,F
丁佶沁,F
丁嘉娜,F
丁江村,F
丁蕾,F
丁黎,F
丁莉,F
丁美芳,F
丁沫冲,F
丁宁,F
丁群,F
丁榕,F
丁思瑶,F
丁素素,F
丁文丽,F
丁潇潇,F
丁馨,F
丁鑫,F
丁秀琳,F
丁雪梅,F
丁瑶,F
丁烨,F
丁亦卿,F
丁玉雪,F
丁月文,F
丁梓欣,F
董柏辰,F
董超雪,F
董吉洋,F
董佳琦,F
董瑾蓉,F
董晶蕾,F
董珂,F
董可馨,F
董凌云,F
董明丽,F
董品华,F
董巧,F
董芮,F
董绍姝,F
董舒心,F
董烁,F
董天舒,F
董婷婷,F
董婉莹,F
董晓宇,F
董璇,F
董琰,F
董艺双,F
董语欣,F
董昱,F
董钰冰,F
都吉雅,F
豆丹阳,F
窦芳菡,F
窦婴,F
堵文瑜,F
杜宝莹,F
杜炳昕,F
杜馥宇,F
杜晗,F
杜昊天,F
杜佳莹,F
杜建华,F
杜娟,F
杜筠,F
杜柯达,F
杜盼盼,F
杜蓉,F
杜圣伦,F
杜玮倩,F
杜文静,F
杜文文,F
杜文逸,F
杜怡茜,F
杜迎霜,F
杜莹莹,F
杜雨卉,F
杜玉洁,F
杜芷雅,F
端木顺雨,F
端木雯敬,F
段楚帆,F
段兰君,F
段琳,F
段明远,F
段牧青,F
段青玲,F
段冉,F
段思含,F
段天雪,F
段晓苇,F
段欣慰,F
段雅馨,F
段焱雯,F
段奕凝,F
段堙郴,F
凡志迎,F
樊范,F
樊蓉,F
樊世奇,F
樊维佳,F
樊文君,F
樊响,F
樊亚澜,F
樊奕唯,F
范丹婷,F
范梦艳,F
范如欣,F
范婷贤,F
范文寒,F
范夏璐,F
范晓璐,F
范笑竹,F
范洋洋,F
范盈盈,F
范宇莹,F
范语晨,F
范玉玲,F
范云倩,F
范志欣,F
方晨晨,F
方娟雯,F
方丽伟,F
方梦婷,F
方攀,F
方培玉,F
方倩倩,F
方睿,F
方诗婧,F
方闻,F
方心怡,F
方妍,F
方怡青,F
方妤,F
方雨静,F
方昱沣,F
房思余,F
房苑,F
费涵,F
费佳盈,F
费嘉蕾,F
费潘凡,F
费扬,F
费奕凡,F
丰慧超,F
封佳秀,F
封睿,F
冯波,F
冯琛琦,F
冯红,F
冯虹,F
冯嘉美,F
冯嘉申,F
冯璐,F
冯璐,F
冯娜,F
冯然,F
冯若冰,F
冯胜男,F
冯思潮,F
冯思琦,F
冯天,F
冯天娇,F
冯小菲,F
冯小梅,F
冯晓捷,F
冯昕,F
冯欣然,F
冯馨雯,F
冯雪,F
冯妍,F
冯艳,F
冯阳,F
冯依岸,F
冯艺,F
冯宇萱,F
冯雨晴,F
冯志倩,F
伏贵荣,F
符安之,F
符惠惠,F
符梦蝶,F
付朝云,F
付迪,F
付佳宁,F
付家祺,F
付嘉,F
付丽,F
付琼,F
付世莲,F
付甜,F
付文文,F
付洋,F
付颖雨,F
付月佳,F
付越,F
傅费佳,F
傅浩怡,F
傅浩悦,F
傅佳美,F
傅梦媛,F
傅书宁,F
傅舒宁,F
傅雪薇,F
傅颖新,F
甘草,F
甘海梦,F
甘琳琳,F
甘露,F
甘淑芳,F
甘文静,F
甘游华,F
高蓓迎,F
高冰,F
高博,F
高绰璟,F
高代玘,F
高晗,F
高晗夫,F
高红梅,F
高桦,F
高慧敏,F
高靖,F
高蕾,F
高莉,F
高旻,F
高明,F
高铭婉,F
高绮哲,F
高倩倩,F
高瑞璇,F
高聖寓,F
高士琳,F
高书,F
高文,F
高文秀,F
高晓青,F
高心怡,F
高新华,F
高秀娥,F
高旭红,F
高璇,F
高雪,F
高娅,F
高雁群,F
高燕荣,F
高一之,F
高艺璇,F
高英,F
高颖,F
高宇,F
高雨薇,F
高昱竹,F
高缘缘,F
高源,F
高源,F
高远欣,F
高玥,F
高韫之,F
高子萌,F
高子晴,F
戈文文,F
戈馨宇,F
葛百睿,F
葛洪慧,F
葛诺,F
葛晓敏,F
葛逸清,F
葛雨晴,F
葛蕴卿,F
耿楚仪,F
耿华颖,F
耿玮洁,F
耿文博,F
耿燕各,F
宫玮甜,F
宫跃,F
龚华,F
龚静苹,F
龚楷迪,F
龚岚岚,F
龚蕾,F
龚林玲,F
龚琼,F
龚赛琳,F
龚书钰,F
龚婷婷,F
龚晓禹,F
龚月桢,F
龚子淇,F
龚子琪,F
龚梓坤,F
巩婕,F
巩乐,F
巩明雪,F
勾宇威,F
苟倩,F
古典,F
古钦晖,F
谷佳容,F
谷金晔,F
谷正花,F
谷子青,F
顾倍源,F
顾国琳,F
顾秋仪,F
顾榕,F
顾恬雪,F
顾雅超,F
顾业英,F
顾懿宁,F
顾颖琦,F
关惠元,F
关惠媛,F
关琳,F
关山彤,F
关淑,F
关昕,F
关欣,F
关咏今,F
管乐,F
贵玉,F
桂雪,F
郭犇,F
郭冰鑫,F
郭卜铭,F
郭翀,F
郭聪,F
郭凡怡,F
郭逢萍,F
郭宏艳,F
郭华苓,F
郭佳,F
郭佳妮,F
郭佳为,F
郭佳欣,F
郭嘉欣,F
郭嘉仪,F
郭建雯,F
郭娇,F
郭锦曦,F
郭婧,F
郭敬,F
郭力嘉,F
郭琳,F
郭萌萌,F
郭敏,F
郭敏媛,F
郭乃瑶,F
郭宁,F
郭齐,F
郭青昕,F
郭娆,F
郭蓉,F
郭瑞琴,F
郭珊杉,F
郭姝男,F
郭爽,F
郭思嘉,F
郭思捷,F
郭思睿,F
郭天旭,F
郭甜,F
郭婉婷,F
郭文硕,F
郭贤达,F
郭潇,F
郭晓健,F
郭晓君,F
郭心慧,F
郭新红,F
郭幸君,F
郭雪菲,F
郭雪雯,F
郭雅倩,F
郭亚男,F
郭燕婷,F
郭祎,F
郭怡兰,F
郭倚天,F
郭奕昕,F
郭奕萱,F
郭英倩,F
郭宇春,F
郭雨菲,F
郭玉冰,F
郭泽琪,F
郭哲妮,F
郭子叶,F
过昕彤,F
海静文,F
海永梅,F
韩冰玉,F
韩彩莹,F
韩叮咚,F
韩昊,F
韩继华,F
韩佳欣,F
韩佳馨,F
韩京时,F
韩静,F
韩娟,F
韩璐,F
韩梦琦,F
韩梦婷,F
韩妙哲,F
韩萍,F
韩琦,F
韩容,F
韩若冰,F
韩思雨,F
韩斯雅,F
韩甜甜,F
韩晓鑫,F
韩晓媛,F
韩笑,F
韩心荷,F
韩欣倚,F
韩亚洁,F
韩岩,F
韩宜晴,F
韩奕帆,F
韩颖,F
韩雨晖,F
韩雨琪,F
韩玉莹,F
韩昱馨,F
韩钰莹,F
韩煜,F
韩媛媛,F
蒿思嘉,F
郝晨羽,F
郝丹,F
郝东英,F
郝建英,F
郝洁晨,F
郝邵瑞,F
郝爽,F
郝天天,F
郝彤欣,F
郝文博,F
郝怡文,F
郝羽倩,F
郝运,F
郝泽华,F
郝展欣,F
何碧溪,F
何晨,F
何成渝,F
何海荣,F
何海燕,F
何荷,F
何慧,F
何慧坤,F
何佳,F
何嘉胤,F
何金津,F
何金晶,F
何金玲,F
何娟,F
何筠,F
何柯薇,F
何立微,F
何梦灵,F
何梦颖,F
何频,F
何情,F
何莎,F
何胜男,F
何斯诚,F
何宛亭,F
何琬琳,F
何雯婷,F
何问民,F
何晓敏,F
何笑荣,F
何新磊,F
何雅昕,F
何予萌,F
何宇笛,F
何雨点,F
何雨琦,F
何芷颜,F
何紫棠,F
和欢,F
和彦洁,F
和卓琳,F
贺国雪,F
贺惠兰,F
贺娜,F
贺鹏荣,F
贺奇琦,F
贺诗雨,F
贺秀莲,F
贺芷懿,F
洪海燕,F
洪灵巧,F
洪舒萍,F
洪雅雯,F
洪逸圆,F
洪溢,F
洪幼菁,F
侯博宇,F
侯华洁,F
侯霁恩,F
侯佳男,F
侯杰,F
侯静轩,F
侯静远,F
侯颗,F
侯蕾,F
侯丽娜,F
侯美,F
侯秋实,F
侯文娟,F
侯闻迪,F
侯晓琳,F
侯筱雨,F
侯星伊,F
侯雪洁,F
侯雅迪,F
侯雅雯,F
侯迎晖,F
侯玉珺,F
侯悦,F
侯悦怡,F
侯智睿,F
胡博,F
胡晨希,F
胡晨阳,F
胡聪聪,F
胡丹妮,F
胡铎琳,F
胡含之,F
胡奂晨,F
胡会凌,F
胡佳宜,F
胡健宁,F
胡金媛,F
胡锦煦,F
胡晋溢,F
胡婧宇,F
胡乐嘉,F
胡良一,F
胡玲,F
胡曼,F
胡梦雪,F
胡若曦,F
胡诗琪,F
胡石玉洁,F
胡思昀,F
胡巍森,F
胡文静,F
胡晓玲,F
胡心悦,F
胡昕,F
胡馨铭,F
胡馨如,F
胡鑫茹,F
胡星蕊,F
胡雪霏,F
胡亚洁,F
胡艳萍,F
胡艺曦,F
胡忆桐,F
胡樱露,F
胡颖,F
胡玉峰,F
胡玉颖,F
胡钰萱,F
胡圆圆,F
胡远远,F
胡玥,F
胡子瑶,F
华闻仪,F
华晓盼,F
华钰,F
皇甫红琴,F
黄爱丹,F
黄宝璇,F
黄冰凌,F
黄成川,F
黄程,F
黄楚,F
黄楚仪,F
黄丹,F
黄丹丹,F
黄芳,F
黄霏,F
黄赋堃,F
黄婳婳,F
黄卉怡,F
黄惠敏,F
黄慧敏,F
黄佳,F
黄佳,F
黄佳铭,F
黄佳雨,F
黄珈颖,F
黄见宜,F
黄建芬,F
黄剑英,F
黄洁钰,F
黄静怡,F
黄克瑾,F
黄黎,F
黄丽琴,F
黄利,F
黄恋,F
黄琳,F
黄曼纯,F
黄敏,F
黄娜琪,F
黄旎雯,F
黄千哲,F
黄芊芊,F
黄倩倩,F
黄巧玲,F
黄瑞妮,F
黄润珂,F
黄若畅,F
黄山佳,F
黄杉,F
黄姗姗,F
黄珊,F
黄圣钰,F
黄诗倪,F
黄诗晴,F
黄诗雯,F
黄诗焱,F
黄诗莹,F
黄书娴,F
黄舒婷,F
黄爽,F
黄铄涵,F
黄思铭,F
黄思铭,F
黄思莹,F
黄甜,F
黄婷,F
黄婉玉,F
黄薇,F
黄玮,F
黄文力,F
黄文秀,F
黄夏宁,F
黄潇婷,F
黄霄,F
黄小洁,F
黄小桐,F
黄晓迪,F
黄心钤,F
黄心怡,F
黄欣宇,F
黄馨梦,F
黄馨仪,F
黄昫,F
黄雅擎,F
黄燕婷,F
黄一,F
黄伊舲,F
黄依梵,F
黄祎,F
黄怡,F
黄怡敏,F
黄乙鑫,F
黄艺宣,F
黄奕慧,F
黄瑛洁,F
黄颖,F
黄榆修,F
黄羽岑,F
黄羽婷,F
黄语书,F
黄玉蕾,F
黄钰灵,F
黄允,F
黄韵颐,F
黄张莺,F
黄臻,F
黄卓然,F
黄子芸,F
黄子芸,F
黄紫燕,F
惠姣姣,F
霍丽娜,F
霍婷,F
霍潇,F
姬晓雅,F
吉雅晴,F
吉彦霓,F
计晶韵,F
纪越,F
季家希,F
季金萍,F
季可晗,F
季怡汝,F
季玉涵,F
冀东莹,F
冀美多,F
贾璨,F
贾丹青,F
贾方芳,F
贾佳欣,F
贾蕾,F
贾丽媛,F
贾美娟,F
贾萌,F
贾培培,F
贾若,F
贾姗,F
贾欣雨,F
贾伊宁,F
贾怡锐,F
贾宇萌,F
贾玉梅,F
贾玉钰,F
贾梓淇,F
江翠雯,F
江贯沆,F
江娟,F
江梅,F
江明兢,F
江攀,F
江蕊,F
江山,F
江珊,F
江小雨,F
江雅仁,F
江雨婷,F
江源,F
江云蕾,F
姜秉辰,F
姜博,F
姜冬,F
姜逢禹,F
姜皓月,F
姜嘉许,F
姜可依,F
姜丽梅,F
姜丽云,F
姜莉,F
姜林萍,F
姜乃嘉,F
姜楠,F
姜萍,F
姜瑞欣,F
姜润琦,F
姜舒寒,F
姜思羽,F
姜炜,F
姜欣彤,F
姜怡琳,F
姜宇婷,F
姜雨萌,F
姜云燕,F
姜泽宇,F
姜中景,F
蒋碧菡,F
蒋丹,F
蒋东秀,F
蒋冬瑶,F
蒋佳君,F
蒋露瑶,F
蒋美茹,F
蒋娜,F
蒋琪,F
蒋清宇,F
蒋书一,F
蒋淑敏,F
蒋淑伊,F
蒋舒婷,F
蒋顺梅,F
蒋潇,F
蒋晓菲,F
蒋昕,F
蒋欣谊,F
蒋欣芸,F
蒋歆妤,F
蒋馨茹,F
蒋鑫涛,F
蒋依涵,F
蒋奕,F
蒋奕绮,F
蒋媛媛,F
蒋昀疌,F
蒋舟,F
焦灵波,F
焦牧洋,F
焦赛一,F
焦思琪,F
焦宇晨,F
颉肖萌,F
解天馨,F
解雪,F
金东乔,F
金菲菲,F
金赫棋,F
金慧哲,F
金津秀,F
金晶,F
金岚,F
金蕾,F
金丽华,F
金伶芸,F
金璐璇,F
金梦群,F
金妮,F
金宁,F
金茜,F
金莎莎,F
金师琦,F
金潇,F
金潇,F
金盈,F
金滢,F
金颖,F
金宇虹,F
金禹希,F
靳博文,F
靳冬雪,F
靳晶,F
靳娟,F
靳融,F
靳汝湄,F
靳轩,F
靳以欣,F
荆硕,F
井永馨,F
景涛,F
景文静,F
鞠昊,F
鞠佳雯,F
鞠璐蔓,F
鞠铭,F
鞠筱林,F
巨美懿,F
剧冰纯,F
娟娟,F
阚昊,F
康春华,F
康雯婧,F
康溪馨,F
康欣怡,F
康月娇,F
康正瑶,F
考舸,F
柯家琳,F
柯莉文,F
柯芃,F
柯晓莉,F
柯亦涵,F
柯雨曦,F
孔德越,F
孔铭,F
孔祥雯,F
孔星宇,F
孔一粟,F
孔艺儒,F
孔悦琳,F
邝文俊,F
赖楚翘,F
赖思宇,F
赖素素,F
赖祎婧,F
赖远芳,F
兰京,F
兰婧秋,F
兰淼,F
兰明明,F
兰添,F
兰杨,F
兰雨菲,F
蓝韫青,F
蓝子涵,F
郎拉佐,F
劳可敬,F
劳怡楠,F
雷莉娅,F
雷萌萌,F
雷千夏,F
雷勤,F
雷润洲,F
雷宇芯,F
冷露,F
冷梦雪,F
冷万珍,F
黎琼泽,F
黎莎,F
黎源,F
黎玥嵘,F
李叆熹,F
李安琪,F
李波莹,F
李灿,F
李婵娟,F
李畅,F
李超然,F
李朝晖,F
李澈,F
李辰,F
李辰聪,F
李晨如,F
李晨昕,F
李晨语,F
李成茹,F
李程,F
李楚冰,F
李楚楚,F
李楚杨,F
李春,F
李丹,F
李丹,F
李丹露,F
李丹阳,F
李丹阳,F
李道真乐,F
李钿,F
李丁玲,F
李东书,F
李娥,F
李凡琪,F
李方梅,F
李方圆,F
李芳,F
李芳芳,F
李飞,F
李斐琳,F
李俸希,F
李福佳,F
李福金,F
李歌,F
李谷,F
李光玮,F
李海燕,F
李好,F
李皓琳,F
李灏漫,F
李恒霄,F
李红春,F
李红燕,F
李红媛,F
李虹暾,F
李虹烨,F
李卉,F
李卉子,F
李荟,F
李慧敏,F
李佳,F
李佳,F
李佳,F
李佳黛,F
李佳洪,F
李佳婧,F
李佳乐,F
李佳璐,F
李佳露,F
李佳敏,F
李佳彤,F
李佳蔚,F
李佳昕,F
李佳仪,F
李佳倚,F
李佳音,F
李佳颖,F
李佳哲,F
李家莉,F
李家宁,F
李嘉慧,F
李嘉琪,F
李嘉怡,F
李嘉懿,F
李剑慧,F
李健,F
李姣,F
李洁桦,F
李金璐,F
李金桥,F
李津京,F
李京津,F
李荆,F
李菁,F
李晶,F
李晶晶,F
李婧,F
李靖丝,F
李静,F
李静雪,F
李军,F
李俊,F
李俊英,F
李可儿,F
李可欣,F
李坤,F
李琨,F
李兰馨,F
李岚,F
李丽娜,F
李丽雯,F
李丽源,F
李莉,F
李莉,F
李莉,F
李连欣,F
李良祉,F
李琳,F
李琳,F
李霖,F
李玲,F
李玲,F
李凌霄,F
李凌云,F
李璐隽,F
李梅,F
李梅,F
李梅,F
李美含,F
李鎂妤,F
李萌,F
李萌萌,F
李萌蕊,F
李孟栖,F
李孟然,F
李孟泽,F
李梦婕,F
李梦珂,F
李梦冉,F
李梦思,F
李梦娅,F
李梦怡,F
李梦雨,F
李梦媛,F
李梦悦,F
李梦真,F
李梦竹,F
李旻珊,F
李敏,F
李敏,F
李敏,F
李明晖,F
李明璇,F
李铭淑,F
李墨宇,F
李沐航,F
李娜,F
李娜娜,F
李楠楠,F
李妮,F
李霓,F
李宁,F
李沛,F
李沛霖,F
李沛雨,F
李佩洁,F
李佩柔,F
李佩珊,F
李佩芸,F
李齐乐,F
李琪琪,F
李茜,F
李茜,F
李倩倩,F
李巧,F
李沁逊,F
李青,F
李青莼,F
李晴,F
李秋菊,F
李然,F
李然,F
李冉,F
李戎婷,F
李融,F
李如玥,F
李茹宇,F
李瑞娜,F
李若璇,F
李沙,F
李少冉,F
李诗怡,F
李舒怡,F
李双,F
李霜,F
李爽,F
李爽,F
李爽,F
李思琪,F
李思芮,F
李思思,F
李思婷,F
李思晓,F
李思仪,F
李思宇,F
李思羽,F
李思云,F
李斯敏,F
李松石,F
李松晓,F
李素,F
李腾,F
李天新,F
李天鹰,F
李婷,F
李婷婷,F
李婉璐,F
李婉宁,F
李蔚,F
李文静,F
李文君,F
李文君,F
李文康,F
李文婷,F
李闻昱,F
李雯,F
李西,F
李西,F
李喜凤,F
李夏云,F
李翔,F
李享,F
李响,F
李潇,F
李潇潇,F
李小红,F
李小康,F
李小天,F
李小宙,F
李晓,F
李晓菲,F
李晓歌,F
李晓花,F
李晓晶,F
李晓君,F
李曉瑚,F
李啸坤,F
李心仪,F
李心雨,F
李昕,F
李昕怡,F
李欣,F
李欣巧,F
李馨怡,F
李鑫,F
李鑫,F
李星,F
李幸,F
李幸,F
李熊霜,F
李秀坤,F
李秀萍,F
李秀萍,F
李秀妍,F
李萱,F
李学博,F
李学珍,F
李雪,F
李雪萍,F
李雪阳,F
李雅静,F
李雅琦,F
李雅琦,F
李雅艺,F
李亚蒙,F
李亚茹,F
李彦霖,F
李彦琪,F
李彦显,F
李彦哲,F
李彦臻,F
李艳,F
李艳利,F
李焰淋,F
李扬宏,F
李阳,F
李杨,F
李杨,F
李杨洁,F
李一凡,F
李一凡,F
李伊琳,F
李依伦,F
李依美,F
李依桐,F
李依卓,F
李祎,F
李怡,F
李怡莹,F
李宜珂,F
李易宸,F
李易繁,F
李易璐,F
李轶璇,F
李昳敏,F
李奕霖,F
李逸森,F
李毅,F
李英,F
李迎,F
李盈飞,F
李莹,F
李莹,F
李滢,F
李颖,F
李颖,F
李於波,F
李瑜涵,F
李瑜靓,F
李宇凡,F
李宇婧,F
李宇静,F
李雨,F
李雨琦,F
李雨谦,F
李雨轩,F
李玉洁,F
李玉琳,F
李玉琼,F
李媛,F
李源,F
李源纯,F
李远凤,F
李玥,F
李玥,F
李玥,F
李玥环,F
李悦,F
李悦,F
李悦,F
李悦明,F
李云开,F
李昀霏,F
李泽冰,F
李泽涵,F
李钊欣,F
李兆鋆,F
李祯,F
李政琪,F
李知恩,F
李周美慧,F
李竹轩,F
李卓婉,F
李姿仪,F
李子沫,F
李子芊,F
李子然,F
李子瑶,F
李子钰,F
李子月,F
李子卓,F
力思琪,F
厉滢,F
利倩莹,F
栗小佳,F
连雅琦,F
练静芳,F
梁宝月,F
梁伯华,F
梁超,F
梁迪斯,F
梁栋,F
梁慧玲,F
梁继影,F
梁嘉怡,F
梁菁,F
梁丽媛,F
梁玲玲,F
梁妹仙,F
梁祺乐,F
梁茜,F
梁勤,F
梁清超,F
梁秋婵,F
梁爽,F
梁爽,F
梁爽,F
梁思宇,F
梁斯平,F
梁苏娜,F
梁田,F
梁潇,F
梁小玲,F
梁小婷,F
梁馨元,F
梁馨元,F
梁燕,F
梁雨菲,F
梁雨微,F
梁玉冰,F
梁圆,F
梁媛,F
梁月,F
梁月冰,F
梁月馨,F
梁芷彤,F
梁钟予,F
梁宗琦,F
梁祖铭,F
廖蕙衡,F
廖静,F
廖莉,F
廖谦,F
廖青,F
廖伊雯,F
廖瑜楠,F
廖玥,F
廖悦辰,F
廖子亚,F
林博娇,F
林黛颖,F
林国欣,F
林晗,F
林涵倩,F
林焕新,F
林嘉琪,F
林瑾瑜,F
林晶晶,F
林俊利,F
林烙欣,F
林丽丽,F
林琳,F
林柳,F
林梦颖,F
林楠,F
林奇漫,F
林琪,F
林巧红,F
林巧然,F
林珊,F
林莘蕊,F
林诗婧,F
林诗韻,F
林思奕,F
林思媛,F
林童,F
林微,F
林巍,F
林小慧,F
林晓蓉,F
林晓雪,F
林心悦,F
林忻,F
林昕烨,F
林欣茹,F
林星,F
林雪婷,F
林雅苹,F
林雅心,F
林业,F
林怡君,F
林颖楠,F
林于添,F
林禹攸,F
林玉敏,F
林玉萍,F
林芋汐,F
林昀蓁,F
林震岚,F
林之,F
林之萱,F
林之杨,F
林芝羽,F
林子夜,F
凌婧文,F
凌兰,F
凌蒙,F
凌子,F
刘阿兰,F
刘爱华,F
刘爱英,F
刘安妮,F
刘安琪,F
刘安琪,F
刘宝珍,F
刘本玉,F
刘斌,F
刘波,F
刘畅,F
刘畅,F
刘畅,F
刘畅,F
刘畅,F
刘畅,F
刘畅,F
刘唱,F
刘宸芊,F
刘宸竹,F
刘晨,F
刘春丽,F
刘春雪,F
刘纯清,F
刘从洋,F
刘丹,F
刘丹妮,F
刘丹阳,F
刘丁豪,F
刘丁宁,F
刘芳,F
刘芳辰,F
刘芳宁,F
刘芳怡,F
刘桂,F
刘含,F
刘晗,F
刘涵宇,F
刘和,F
刘贺莹,F
刘红,F
刘红果,F
刘红缨,F
刘华硕,F
刘桦,F
刘欢,F
刘惠,F
刘慧琰,F
刘慧宇,F
刘佳敏,F
刘佳铭,F
刘佳齐,F
刘佳茹,F
刘佳璇,F
刘佳怿,F
刘佳玉,F
刘家瑞,F
刘嘉,F
刘嘉婧,F
刘嘉琦,F
刘洁,F
刘今,F
刘锦钰,F
刘劲孜,F
刘竞一,F
刘婧雨,F
刘静,F
刘静雯,F
刘静怡,F
刘静远,F
刘久铭,F
刘娟,F
刘柯妤,F
刘可奕,F
刘克,F
刘坤元,F
刘乐融,F
刘力帆,F
刘力铭,F
刘立乐,F
刘丽俊,F
刘恋,F
刘玲玲,F
刘龙萍,F
刘芦萌,F
刘璐,F
刘璐,F
刘璐群,F
刘露,F
刘曼,F
刘曼谛,F
刘曼玉,F
刘美岑,F
刘美玲,F
刘萌媛,F
刘孟琳,F
刘梦菲,F
刘梦灵,F
刘梦琦,F
刘梦雪,F
刘苗苗,F
刘妙莹,F
刘敏,F
刘敏,F
刘明月,F
刘鹏宇,F
刘琪,F
刘芊悦,F
刘倩,F
刘倩莹,F
刘悄然,F
刘巧玲,F
刘沁茹,F
刘沁心,F
刘庆芳,F
刘琼,F
刘秋琴,F
刘秋月,F
刘瑞,F
刘睿祺,F
刘闰玖,F
刘若曦,F
刘偌彤,F
刘诗佳,F
刘诗璇,F
刘施扬,F
刘书琴,F
刘殊,F
刘思辰,F
刘思慧,F
刘思佳,F
刘思琦,F
刘思彤,F
刘思娅,F
刘思遥,F
刘思源,F
刘颂,F
刘苏莹,F
刘天琨,F
刘庭瑶,F
刘婷,F
刘婷,F
刘彤彤,F
刘宛妮,F
刘婉琦,F
刘维伊,F
刘伟平,F
刘炜彤,F
刘文佳,F
刘文丽,F
刘雯韬,F
刘希,F
刘瑕,F
刘湘,F
刘湘艺,F
刘翔宇,F
刘潇,F
刘霄,F
刘小奇,F
刘小榆,F
刘小雨,F
刘小瑗,F
刘晓菲,F
刘晓凤,F
刘晓倩,F
刘晓文,F
刘心宇,F
刘心悦,F
刘忻,F
刘欣,F
刘欣雅,F
刘欣宇,F
刘新怡,F
刘馨儿,F
刘馨然,F
刘星谷,F
刘星铄,F
刘星言,F
刘星宇,F
刘星粤,F
刘玄,F
刘璇,F
刘璇,F
刘雪娇,F
刘雪萌,F
刘雪晴,F
刘雪润,F
刘雪霜,F
刘雅洁,F
刘雅丽,F
刘雅欣,F
刘亚娇,F
刘亚婕,F
刘亚舟,F
刘娅萍,F
刘彦君,F
刘艳,F
刘艳芳,F
刘晏苹,F
刘雁萍,F
刘燕,F
刘燕,F
刘燕枫,F
刘阳,F
刘瑶,F
刘业哲,F
刘烨,F
刘一晨,F
刘一蒙,F
刘一彤,F
刘一珍,F
刘伊玲,F
刘依梅,F
刘怡贝,F
刘怡洁,F
刘怡君,F
刘倚宁,F
刘亦旸,F
刘奕含,F
刘奕伶,F
刘逸,F
刘懿冬,F
刘迎盈,F
刘莹,F
刘莹,F
刘莹,F
刘莹,F
刘颖,F
刘颖,F
刘颖,F
刘瑜,F
刘宇芳,F
刘宇婧,F
刘宇琪,F
刘羽,F
刘雨含,F
刘雨薇,F
刘禹辰,F
刘昱辛,F
刘钰冬,F
刘誉,F
刘媛,F
刘媛,F
刘媛媛,F
刘源,F
刘悦,F
刘悦,F
刘悦安,F
刘悦琳,F
刘悦美,F
刘越,F
刘蕴瞩,F
刘泽兰,F
刘长宜,F
刘钊,F
刘珍杰,F
刘珍妮,F
刘真言,F
刘真邑,F
刘铮婷,F
刘政,F
刘知林,F
刘志洁,F
刘志今,F
刘志莉,F
刘仲仪,F
刘周泽蕊,F
刘倬源,F
刘卓越,F
刘姿辰,F
刘子琪,F
刘子琰,F
刘子怡,F
刘紫琦,F
刘祖英,F
柳丹,F
柳晓萱,F
柳子梦,F
龙安迪,F
龙丹,F
龙佳颖,F
龙康清,F
龙潜皓,F
龙润,F
龙书琴,F
龙微,F
龙文然,F
龙伍娅,F
龙洋,F
龙一方,F
龙奕华,F
龙宇琦,F
龙雨璇,F
龙钰文,F
龙竹,F
龙姿羽,F
隆贞,F
娄小宇,F
娄洋,F
卢菲,F
卢婕,F
卢俊蓉,F
卢坤,F
卢岚仪,F
卢丽华,F
卢梦帆,F
卢妙言,F
卢敏,F
卢若曦,F
卢旺,F
卢皙,F
卢晓丹,F
卢亚男,F
卢一丹,F
卢一岫,F
卢意,F
卢瑜晓,F
卢宇婷,F
鲁春阳,F
鲁芮萌,F
鲁婷婷,F
鲁雅环,F
鲁瑶,F
陆宝芝,F
陆德容,F
陆竑羽,F
陆慧玲,F
陆嘉琳,F
陆嘉敏,F
陆景菲,F
陆静思,F
陆楠,F
陆萍,F
陆思雁,F
陆天怡,F
陆惟凡,F
陆文悦,F
陆星儿,F
陆依丽,F
陆盈,F
鹿鸣,F
逯琳琳,F
栾雪,F
伦可环,F
罗冰,F
罗朝晖,F
罗丹,F
罗聃,F
罗福莉,F
罗海燕,F
罗姮,F
罗佳婧,F
罗津,F
罗兰,F
罗乐,F
罗丽娉,F
罗林萍,F
罗敏,F
罗铭,F
罗琪,F
罗巧丽,F
罗清扬,F
罗蕊寒,F
罗舒心,F
罗涛,F
罗惟惟,F
罗文馨,F
罗晓曦,F
罗昕桐,F
罗兴莹,F
罗雪,F
罗雅文,F
罗艳阳,F
罗怡,F
罗怡宁,F
罗艺灵,F
罗懿,F
罗颖,F
罗幼,F
罗玉舒,F
罗珍艺,F
罗紫惠,F
骆丽羽,F
骆巧倩,F
骆婷婷,F
骆瑶,F
吕艾艾,F
吕彩霞,F
吕含吟,F
吕嘉凝,F
吕婧,F
吕俊宇,F
吕凯晨,F
吕可欣,F
吕梦晗,F
吕默,F
吕秋虹,F
吕思琦,F
吕昕彤,F
吕欣然,F
吕绚黎,F
吕妍乐,F
吕洋,F
吕洋,F
吕易晏,F
吕翊帆,F
吕莹莹,F
吕瑜婷,F
吕雨欣,F
吕玉红,F
吕玥,F
马超周,F
马陈棋,F
马成,F
马楚婕,F
马春玲,F
马春雨,F
马从容,F
马代华,F
马恩慧,F
马芳,F
马卉祎,F
马嘉雯,F
马嘉莹,F
马洁,F
马洁敏,F
马金兰,F
马骏骐,F
马珂颖,F
马可青,F
马可人,F
马丽,F
马丽嘉,F
马苓珉,F
马路遥,F
马璐瑶,F
马梦琪,F
马苗苗,F
马旻,F
马明宇,F
马楠,F
马培艺,F
马配姿,F
马萍,F
马倩,F
马沁雪,F
马秋晨,F
马秋琳,F
马如雪,F
马睿,F
马思远,F
马陶然,F
马婷,F
马婷婷,F
马骁,F
马霄璇,F
马小盼,F
马晓晶,F
马晓梅,F
马晓燕,F
马晓宇,F
马昕奕,F
马欣怡,F
马欣月,F
马雪敏,F
马雪媛,F
马雅倩,F
马艳红,F
马燕,F
马燕婷,F
马瑶,F
马一丹,F
马一平,F
马祎曦,F
马艺维,F
马莹祎,F
马雨田,F
马钰琪,F
马煜林,F
马媛,F
马媛雯,F
马源远,F
马月娇,F
马玥,F
马悦,F
马悦,F
马越,F
马泽绵,F
马泽蓉,F
马铮,F
马筝,F
马卓奕,F
毛涵颖,F
毛霁燕,F
毛静静,F
毛凌潇,F
毛璐,F
毛沈艺,F
毛晓林,F
毛谢恩,F
毛怡沙,F
毛忆新,F
毛翊,F
毛雨,F
毛越,F
毛泽琪,F
茆霖,F
茅经典,F
梅文杰,F
蒙晓涵,F
蒙滢倩,F
孟蓓,F
孟冬丽,F
孟娟,F
孟丽娜,F
孟林昊,F
孟娜,F
孟冉,F
孟夏伊,F
孟鑫岳,F
孟雅琴,F
孟亚男,F
孟延新,F
孟雨菲,F
孟圆,F
米慧,F
米婧,F
苗淼,F
苗晓雨,F
苗玉洁,F
闵珠,F
闵子洁,F
明桦,F
明俊岑,F
明淑喆,F
明玉烨,F
缪佳仪,F
缪昀轩,F
莫凡,F
莫蕙萃,F
莫晶晶,F
莫雪涛,F
牟雪娇,F
牟宜坤,F
南煊,F
倪文宇,F
倪妍,F
倪逸云,F
倪媛媛,F
念达,F
聂佩芸,F
聂然,F
聂瑞虹,F
聂阳欣,F
聂盈,F
聂昭颖,F
聂昭颖,F
宁静,F
宁静,F
宁敏行,F
宁燕丹,F
宁雨,F
宁玉菡,F
宁跃峰,F
牛变过,F
牛冰洁,F
牛春燕,F
牛冬娴,F
牛方舟,F
牛红柳,F
牛苗苗,F
牛牧铎,F
牛冉冉,F
牛晓文,F
牛艳斌,F
牛逸婕,F
牛原野,F
牛泽茜,F
牛子茹,F
农绮丽,F
农恬,F
欧芮利,F
欧阳秋,F
欧阳天舒,F
欧阳希泓,F
欧阳亚亚,F
欧阳宇卿,F
潘昶玥,F
潘超颖,F
潘丹,F
潘风畅,F
潘慧瑜婷,F
潘菁,F
潘静怡,F
潘柯颖,F
潘莉,F
潘靓慧,F
潘梦婷,F
潘凝,F
潘倩,F
潘舒,F
潘恬,F
潘薇如,F
潘蔚琳,F
潘晓瑞,F
潘晓雨,F
潘心怡,F
潘新蕾,F
潘杏雨,F
潘旖旎,F
潘予,F
潘媛,F
潘泽玲,F
潘哲颖,F
潘子异,F
盘如意,F
庞璐,F
庞婷,F
裴惠平,F
裴慧萍,F
裴少君,F
裴益凡,F
彭霏霏,F
彭光红,F
彭静怡,F
彭俊麟,F
彭丽燕,F
彭丽云,F
彭琳,F
彭梦西子,F
彭敏,F
彭莫,F
彭乔姿,F
彭清露,F
彭瑞,F
彭玮,F
彭文慧,F
彭曦芷,F
彭晓宁,F
彭欣,F
彭新竹,F
彭馨玉,F
彭叶红,F
彭浥尘,F
彭玉梅,F
彭昱莹,F
彭月,F
皮昕烨,F
皮雨鑫,F
平静,F
平思蕊,F
蒲绘竹,F
蒲文妍,F
蒲熙琳,F
蒲雪,F
蒲阳,F
朴美阳,F
浦多,F
戚露燕,F
戚若玫,F
漆春兰,F
齐德北,F
齐佳敏,F
齐苗苗,F
齐思原,F
齐小小,F
齐笑,F
齐雨薇,F
齐云云,F
祁红瑶,F
祁佳文,F
祁雯,F
钱惠莹,F
钱佳奕,F
钱美辰,F
钱其沁,F
钱书馨,F
钱奕轩,F
强玉,F
强郁文,F
乔路明,F
乔攀,F
乔新雨,F
乔悦,F
郄艳芳,F
秦东霞,F
秦晗,F
秦金晶,F
秦恺蔓,F
秦楠,F
秦诗雲,F
秦天怡,F
秦婉,F
秦晓玲,F
秦晓冉,F
秦新春,F
秦新艳,F
秦旭,F
秦雅静,F
秦弋茜,F
秦悦,F
卿晶,F
邱晨阳,F
邱冬冬,F
邱冬艳,F
邱丽颖,F
邱琳,F
邱楠楠,F
邱睿,F
邱亚楠,F
邱燕,F
邱依宁,F
邱月青,F
邱韵霏,F
邱子航,F
秋雨濛,F
裘珮瑶,F
裘晓玥,F
裘炎奕,F
裘雨薇,F
屈蕾,F
屈梦侠,F
屈茗,F
渠性怡,F
瞿莎莎,F
瞿思思,F
瞿颂扬,F
曲鹤尘,F
曲美蓉,F
曲萌,F
曲梦圆,F
曲婷,F
曲新苗,F
曲一鸣,F
权文熙,F
全红,F
全思甜,F
冉国华,F
冉宜沿,F
饶梦,F
饶浴阳,F
任步云,F
任芳妤,F
任赫,F
任骥,F
任家睿,F
任静静,F
任梅,F
任倩仪,F
任冉,F
任书慧,F
任塑飞,F
任潇艺,F
任小莹,F
任鑫,F
任雪晴,F
任雅菲,F
任怡,F
任弋冉,F
任艺,F
任迎新,F
任娱慧,F
任昱洁,F
任子珂,F
戎雪,F
荣丹靖,F
荣赫,F
荣倩玉,F
荣欣,F
荣秀芳,F
荣秀丽,F
荣媛,F
茹炳华,F
阮瀚瑩,F
阮佳怡,F
阮伊帅,F
阮梓纹,F
芮文康,F
芮钰雅,F
桑茂桐,F
桑珍,F
沙莎,F
莎奇日,F
商宝月,F
上官平,F
尚书,F
尚文思琦,F
尚怡,F
尚奕萱,F
尚紫薇,F
邵百一,F
邵丹妮,F
邵芳琳,F
邵瑾,F
邵明茗,F
邵文馨,F
邵夕恬,F
邵欣,F
邵雅娟,F
邵钰清,F
邵姿莹,F
邵宗艺,F
佘丽,F
佘斯琪,F
佘小涵,F
佘友田,F
申坤畅,F
申蕾,F
申其淇,F
申晴,F
申若仪,F
申雪,F
申亚琴,F
申芝瑛,F
沈丹,F
沈佳秋,F
沈娇艳,F
沈捷,F
沈李美慧,F
沈青,F
沈婷婷,F
沈熹,F
沈晓宇,F
沈雅冰,F
沈樱杰,F
沈盈盈,F
沈聿,F
沈源,F
沈哲焱,F
盛百慧,F
盛崇珊,F
盛姜月,F
盛李,F
盛晴,F
盛唯佳,F
盛志璇,F
施辰娜,F
施皓,F
施泓彧,F
施美姗,F
施琦,F
施文婷,F
施潇雨,F
施妍,F
施银莹,F
施玥,F
石博文,F
石汇灵,F
石佳然,F
石莱茜,F
石丽平,F
石玲,F
石梦雅,F
石陌楠,F
石倩,F
石倩,F
石晴,F
石然,F
石润乔,F
石舒宇,F
石韦颖,F
石小烨,F
石旭民,F
石雪颖,F
石一琦,F
石翊楠,F
石悦人,F
石泽琨,F
时冰遥,F
时静,F
时君丹,F
时明玲,F
时鸣玲,F
时钰,F
史傲雪,F
史东麟,F
史海宜,F
史航,F
史杰萍,F
史桀绮,F
史璟,F
史珂,F
史瑞雪,F
史小宇,F
史晓慧,F
史晓澜,F
史歆乐,F
史依凡,F
史易萌,F
史又月,F
史雨薇,F
史圆圆,F
史月琪,F
史舟淼,F
侍晓雨,F
舒畅,F
舒静怡,F
舒揽月,F
舒芯钰,F
舒珣,F
舒悦,F
帅小曼,F
司捷,F
司晓宇,F
司鑫宇,F
司懿东方,F
司悦,F
宋博,F
宋丹萌,F
宋歌,F
宋荷,F
宋华丽,F
宋佳,F
宋佳,F
宋佳慧,F
宋佳霖,F
宋佳璐,F
宋佳星,F
宋佳音,F
宋佳真,F
宋静,F
宋静磊,F
宋莱钰,F
宋立宁,F
宋敏,F
宋佩雯,F
宋秋艳,F
宋蕊廷,F
宋睿,F
宋淑兰,F
宋双,F
宋婉玲,F
宋娴芝,F
宋昕桐,F
宋星蓉,F
宋雪,F
宋尧,F
宋瑶,F
宋盈,F
宋雨濛,F
宋雨璇,F
宋昱丰,F
宋湲,F
宋媛嫄,F
宋苑,F
宋玥婵,F
宋展姿,F
苏海璐,F
苏嘉欣,F
苏婧欣,F
苏瞰,F
苏林璐,F
苏琳,F
苏路捷,F
苏美娜,F
苏千千,F
苏沁霞,F
苏婷婷,F
苏婉钰,F
苏小湄,F
苏晓冬,F
苏晓君,F
苏昕,F
苏昕,F
苏怡,F
苏怡欣,F
苏玥,F
苏芸菲,F
隋晓萌,F
隋晓彤,F
孙安琪,F
孙博凡,F
孙畅,F
孙超然,F
孙聪为,F
孙冬旭,F
孙凡茹,F
孙涵,F
孙菡聪,F
孙浩浩,F
孙灏,F
孙嘉鸿,F
孙嘉哲,F
孙健,F
孙婕,F
孙瑾,F
孙婧,F
孙婧秋,F
孙婧雯,F
孙靖雯,F
孙玲,F
孙玲钰,F
孙璐,F
孙璐佳,F
孙梦晗,F
孙梦青,F
孙梦苑,F
孙明月,F
孙铭晨,F
孙铭泽,F
孙佩瑾,F
孙倩,F
孙倩钰,F
孙瑞姣,F
孙若乔,F
孙书钰,F
孙思睿,F
孙思维,F
孙偲,F
孙苏原,F
孙甜甜,F
孙婷,F
孙涂蔚,F
孙婉琳,F
孙维蔓,F
孙文婷,F
孙文英,F
孙雯,F
孙雯倩,F
孙吴润泽,F
孙小涵,F
孙小溪,F
孙晓晗,F
孙晓涵,F
孙晓曦,F
孙筱涵,F
孙孝衡双,F
孙馨,F
孙馨,F
孙雪萍,F
孙亚鑫,F
孙一丹,F
孙弋雯,F
孙意儿,F
孙迎,F
孙莹,F
孙雨篁,F
孙雨晴,F
孙雨雯,F
孙雨莹,F
孙玉霞,F
孙月香,F
孙悦,F
孙悦天,F
孙振楠,F
孙政琳,F
索怡敏,F
谈蔚滢,F
谈昭溶,F
覃海琳,F
覃姗妮,F
覃思静,F
覃晓彧,F
覃奕玮,F
谭丁,F
谭海月,F
谭化蕾,F
谭嘉欣,F
谭炼千,F
谭凌志,F
谭梦薇,F
谭茗文,F
谭祺,F
谭文迪,F
谭曦睿,F
谭晓烨,F
谭星辰,F
谭雪贝,F
谭祎,F
谭颖昊,F
谭韵彤,F
镡嘉琪,F
汤凯怡,F
汤可香,F
汤梦佳,F
汤茜童,F
汤艺甜,F
汤禹婷,F
汤悦,F
汤芸,F
汤泽芬,F
唐安之,F
唐楚涵,F
唐楚凝,F
唐东,F
唐赫男,F
唐惠钰,F
唐建燕,F
唐俊麒,F
唐隽雯,F
唐坤玉,F
唐李蕊乡,F
唐琳,F
唐琳,F
唐曼芸,F
唐萌,F
唐铭远,F
唐蕊,F
唐诗诗,F
唐淑丽,F
唐蔚,F
唐蔚,F
唐心怡,F
唐雄艺,F
唐琇琳,F
唐雅素,F
唐亚男,F
唐雁寒,F
唐也栋,F
唐怡欣,F
唐亦凡,F
唐莹银,F
唐宇,F
唐宇宁,F
唐玉如,F
唐悦婷,F
涛兰,F
陶宝艳,F
陶楚,F
陶建瓴,F
陶丽敏,F
陶圣云,F
陶晓燕,F
陶瑜瑶,F
腾海鸥,F
滕佳瑜,F
滕依霏,F
田国全,F
田佳乐,F
田晶晶,F
田静雯,F
田丽丽,F
田丽荣,F
田梦,F
田敏,F
田青,F
田少连,F
田小兰,F
田笑,F
田艳华,F
田一杰,F
田一鹭,F
田园,F
田园园,F
田原箐,F
田韫钰,F
仝婧禹,F
佟孟阳,F
童荻,F
童瀚莹,F
童佳琪,F
童谣,F
童瑶,F
童依依,F
童瑜洁,F
涂金岩,F
涂琳玲,F
涂梦昭,F
涂炜钰,F
脱钊慧,F
宛如锦,F
万文娟,F
万熙宇,F
万心珂,F
万新月,F
万祎祎,F
万芸芸,F
汪皑妍,F
汪程翀,F
汪楚灵,F
汪峰华,F
汪泓珏,F
汪卉,F
汪婧怡,F
汪楼月,F
汪路佳,F
汪梦洁,F
汪明慧,F
汪末,F
汪其霖,F
汪诗旻,F
汪诗绮,F
汪思佳,F
汪希,F
汪小琪,F
汪雪珂,F
汪逸青,F
汪懿洲,F
汪韵竹,F
王艾琳,F
王安琪,F
王安琦,F
王安然,F
王必欣,F
王碧佳,F
王兵,F
王婵,F
王朝夷,F
王琛,F
王晨曦,F
王程蔚,F
王翀,F
王聪,F
王萃平,F
王翠,F
王丹绮,F
王丹雅,F
王迪,F
王芳,F
王芳潇,F
王飞,F
王飞扬,F
王菲,F
王芙蓉,F
王戈,F
王根莉,F
王光玲,F
王海川,F
王海涛,F
王海湾,F
王晗,F
王涵,F
王昊,F
王昊欣,F
王皓静,F
王贺嘉,F
王贺楠,F
王贺睿,F
王鹤凝,F
王红丽,F
王宏利,F
王泓宇,F
王欢,F
王辉,F
王慧敏,F
王霁雯,F
王佳,F
王佳,F
王佳泓,F
王佳宁,F
王佳硕,F
王佳欣,F
王佳易,F
王佳颖,F
王嘉琪,F
王嘉绮,F
王嘉玮,F
王镓庆,F
王简,F
王建瑜,F
王娇娇,F
王洁,F
王洁琛,F
王金慧,F
王金攀,F
王金子,F
王瑾晔,F
王景慧,F
王景仪,F
王璟,F
王婧文,F
王婧璇,F
王婧旖,F
王敬,F
王靖婷,F
王靖子,F
王静梅,F
王静竹,F
王娟,F
王均,F
王君,F
王君哲,F
王俊昊,F
王开颜,F
王凯加,F
王恺昕,F
王康丽,F
王珂,F
王可嘉,F
王可欣,F
王匡嵘,F
王堃,F
王蕾,F
王理慧,F
王立斌,F
王立英,F
王丽君,F
王丽君,F
王丽群,F
王丽英,F
王栗子,F
王琳,F
王琳,F
王琳,F
王灵艺,F
王玲,F
王凌洁,F
王凌宇,F
王柳溪,F
王鲁宁,F
王路凝,F
王路遥,F
王璐,F
王璐,F
王璐,F
王璐,F
王鹭庭,F
王露,F
王美晨,F
王萌萌,F
王檬,F
王檬,F
王孟婷,F
王梦柯,F
王梦露,F
王梦婷,F
王梦婷,F
王梦桐,F
王梦雅,F
王梦妍,F
王梦瑶,F
王梦瑶,F
王梦雨,F
王敏,F
王敏,F
王茗涵,F
王铭歌,F
王宁,F
王品,F
王平凡,F
王萍,F
王溥,F
王淇萱,F
王琪,F
王琪,F
王琦,F
王琦,F
王绮静,F
王千,F
王倩,F
王倩,F
王倩,F
王倩怡,F
王巧雨,F
王琴琴,F
王晴,F
王庆庆,F
王琼,F
王秋月,F
王冉,F
王如意,F
王芮,F
王锐,F
王珊,F
王诗雅,F
王诗雨,F
王施月,F
王士一,F
王书衡,F
王姝,F
王姝人,F
王姝婷,F
王淑婷,F
王淑仪,F
王舒,F
王舒涵,F
王霜,F
王丝桐,F
王思凡,F
王思方,F
王思晗,F
王思雨,F
王斯珏,F
王斯镁,F
王偲,F
王腾慧,F
王天歌,F
王天姝,F
王婷婷,F
王婷婷,F
王威,F
王薇,F
王为,F
王玮,F
王玮婕,F
王文超,F
王文辉,F
王文婕,F
王文青,F
王雯静,F
王希睿,F
王希羽,F
王溪雨,F
王夏云,F
王闲,F
王湘,F
王潇君,F
王潇欧,F
王霄萌,F
王小含,F
王小洁,F
王小婷,F
王晓波,F
王晓晨,F
王晓芳,F
王晓静,F
王晓蕾,F
王晓玲,F
王晓娜,F
王晓宁,F
王晓青,F
王晓锐,F
王晓婷,F
王晓唯,F
王晓宇,F
王晓雨,F
王筱雨,F
王孝蕾,F
王笑梅,F
王心欣,F
王心怡,F
王昕熠,F
王欣萌,F
王欣蕊,F
王新惠,F
王鑫鑫,F
王旭芳,F
王绪睿,F
王煦杉,F
王璇,F
王雪涵,F
王雪蓉,F
王雪瑞,F
王雪薇,F
王雪颖,F
王雪媛,F
王雅思,F
王雅鑫,F
王妍冬,F
王妍玫,F
王妍文,F
王艳,F
王艳,F
王艳,F
王燕,F
王阳阳,F
王洋,F
王瑶,F
王瑶,F
王也文,F
王烨宇,F
王一帆,F
王一涵,F
王一茗,F
王一平,F
王一淞,F
王一苇,F
王一璇,F
王伊梦,F
王伊尚,F
王伊歆,F
王祎,F
王壹凡,F
王怡,F
王怡萌,F
王怡婷,F
王艺,F
王艺涵,F
王艺锦,F
王亦玮,F
王逸璐,F
王英子,F
王盈之,F
王莹,F
王莹冰,F
王瀛,F
王颖,F
王永,F
王宇,F
王宇航,F
王宇彤,F
王宇童,F
王宇昕,F
王雨寒,F
王雨佳,F
王雨佳,F
王雨蒙,F
王雨田,F
王雨桐,F
王禹,F
王禹,F
王语妍,F
王玉洁,F
王玉静,F
王玉莲,F
王玉仙,F
王玉鑫,F
王钰琳,F
王钰宁,F
王钰溪,F
王钰苑,F
王寓佳,F
王煜,F
王誉凝,F
王袁欣,F
王月,F
王玥,F
王玥,F
王玥,F
王玥心怡,F
王悦,F
王悦,F
王悦,F
王悦,F
王悦同,F
王悦杨,F
王云,F
王蕴航,F
王昭珏,F
王昭珏,F
王昭璞,F
王照萱,F
王曌君茹,F
王哲,F
王哲,F
王喆羽,F
王贞利,F
王真,F
王正淑,F
王芷萱,F
王芷嫣,F
王智慧,F
王卓楠,F
王子卉,F
王子薇,F
王子欣,F
王子璇,F
王子怡,F
王梓晗,F
王梓睿,F
王紫寒,F
王紫琴,F
王紫薇,F
王紫萱,F
王紫嫣,F
王邹梦珂,F
韦安麒,F
韦晨晔,F
韦丽钧,F
韦美伶,F
韦晴,F
韦睿,F
韦善,F
韦听原,F
韦微,F
韦维,F
韦屹,F
韦娱,F
韦悦,F
卫璇,F
卫怡弟,F
卫怡晖,F
卫耘怡,F
尉方音,F
尉娟,F
蔚鸿璐,F
魏宸璐,F
魏歌,F
魏航,F
魏宏冰,F
魏建之,F
魏岚,F
魏丽莉,F
魏凌,F
魏明君,F
魏铭,F
魏诗瑶,F
魏天瑶,F
魏薇,F
魏雯莉,F
魏妩,F
魏修明,F
魏旭晨,F
魏丫童,F
魏雅清,F
魏一,F
魏依,F
魏奕萌,F
魏音,F
魏瑜嘉,F
魏禹珲,F
魏玉洁,F
魏钟毓,F
温鸿雨,F
温婧,F
温文,F
温泽之,F
温子柠,F
文嘉仪,F
文锦,F
文競萱,F
文雷,F
文玲燕,F
文秋妮,F
文雅宁,F
文艺,F
文雨鸥,F
汶阳,F
翁淑虹,F
邬静莹,F
邬凌伊,F
巫峡,F
毋丽颖,F
吴白玫,F
吴碧莹,F
吴博丰,F
吴昌翼,F
吴晨曦,F
吴丹,F
吴丹萍,F
吴迪,F
吴东芳,F
吴凡,F
吴海静,F
吴海琳,F
吴海鹏,F
吴浩男,F
吴洪波,F
吴慧琪,F
吴继,F
吴佳莉,F
吴佳妮,F
吴佳烜,F
吴佳真,F
吴家璐,F
吴嘉怡,F
吴剑,F
吴洁萍,F
吴婧,F
吴静雯,F
吴凯英,F
吴可书,F
吴丽娜,F
吴林佳,F
吴玲娟,F
吴梦琪,F
吴梦雪,F
吴冕,F
吴倩,F
吴琼,F
吴秋怡,F
吴睿涵,F
吴尚,F
吴少敏,F
吴诗慧,F
吴史文,F
吴帅,F
吴双,F
吴思琦,F
吴思语,F
吴陶,F
吴桐,F
吴婉金,F
吴闻达,F
吴湘雨,F
吴晓涵,F
吴筱钰,F
吴效瑜,F
吴心雨,F
吴欣宇,F
吴秀菡,F
吴璇,F
吴雪涵,F
吴雅婕,F
吴雅静,F
吴雅莉,F
吴雅如,F
吴妍蓉,F
吴彦,F
吴彦燊,F
吴姚函,F
吴也酉,F
吴一柔,F
吴祎婕,F
吴漪如,F
吴悠然,F
吴猷,F
吴俞阳,F
吴雨昕,F
吴玉,F
吴玉玲,F
吴悦,F
吴悦,F
吴悦菡,F
吴则开,F
吴梽源,F
吴宗蔓,F
伍颉,F
伍密,F
伍木子悦,F
伍韵璇,F
伍子微,F
武芳,F
武化雨,F
武洁,F
武婕,F
武靖雅,F
武佩静,F
武平乐,F
武睿琳,F
武淑静,F
武桐玥,F
武晓月,F
武依洋,F
武雨婷,F
武玥,F
奚凯琳,F
席玮,F
席雨晨,F
夏贝妮,F
夏陈马雅,F
夏方禹娃,F
夏凤凯,F
夏侯明健,F
夏季风,F
夏嘉蔚,F
夏婧,F
夏令子,F
夏宁静,F
夏秋艳,F
夏如意,F
夏天娇,F
夏恬,F
夏文曦,F
夏文玥,F
夏小添,F
夏雪,F
夏一丹,F
夏宜南,F
夏亦男,F
夏原一,F
咸慧敏,F
冼晨琪,F
相楠,F
相晓彤,F
香锦娟,F
向飞燕,F
向璐瑶,F
向南,F
向南兴,F
向睿,F
向思群,F
向秀媚,F
向阳琳,F
向珍,F
项梅竹,F
项苏楠,F
肖采璇,F
肖晨晨,F
肖晖,F
肖佳琦,F
肖佳莹,F
肖静虹,F
肖凯欣,F
肖栎婳,F
肖露,F
肖敏,F
肖明越,F
肖琪,F
肖思远,F
肖婉秋,F
肖欣欣,F
肖亚猫,F
肖阳翌,F
肖瑶,F
肖雨,F
肖雨竹,F
肖月晨,F
肖钟逸,F
萧语涵,F
谢晨静,F
谢晨露,F
谢光棋,F
谢家艳,F
谢建平,F
谢瑾,F
谢婧,F
谢婧怡,F
谢凌,F
谢棂曦,F
谢勉芝,F
谢铭琪,F
谢巧红,F
谢清,F
谢珊,F
谢淑霞,F
谢思桐,F
谢铁华,F
谢玮茜,F
谢文君,F
谢文茜,F
谢雯伊,F
谢晓琴,F
谢晓雨,F
谢雅蒨,F
谢亚楠,F
谢一凡,F
谢亦桢,F
谢英,F
谢映菡,F
谢雨芯,F
谢禹晗,F
谢媛,F
谢珍珍,F
谢卓燕,F
辛菲,F
辛玲玲,F
辛桐,F
辛翔宇,F
辛欣,F
辛旋,F
忻省池,F
星楠,F
邢芳菲,F
邢康南,F
邢蓉,F
邢睿佳,F
邢潇月,F
邢瑜洁,F
邢芸慧,F
熊碧莲,F
熊彬,F
熊菓,F
熊慧,F
熊慧梓,F
熊琳,F
熊潞颖,F
熊茂竹,F
熊若云,F
熊欣悦,F
熊馨,F
熊倚勤,F
熊英,F
胥静宜,F
胥昕,F
徐安安,F
徐蓓,F
徐岑,F
徐畅,F
徐芳,F
徐凤,F
徐瓘珺,F
徐杭,F
徐红娥,F
徐惠娟,F
徐惠欣,F
徐慧馨,F
徐佳丽,F
徐佳怡,F
徐嘉仪,F
徐娇,F
徐璟瑶,F
徐静怡,F
徐娟,F
徐可薇,F
徐磊冬,F
徐藜,F
徐莉,F
徐麟,F
徐璐,F
徐梦蝶,F
徐梦仪,F
徐敏麗,F
徐铭阳,F
徐宁,F
徐潘宇驰,F
徐培芳,F
徐佩,F
徐琪琦,F
徐倩,F
徐冉,F
徐如霖,F
徐若凡,F
徐若华,F
徐珊,F
徐圣雪,F
徐诗雨,F
徐时雨,F
徐庭萱,F
徐婉婷,F
徐薇,F
徐维唯,F
徐玮,F
徐卫,F
徐文超,F
徐文霞,F
徐骁,F
徐小淇,F
徐小艺,F
徐晓东,F
徐晓静,F
徐晓宇,F
徐心恬,F
徐欣,F
徐扬,F
徐杨,F
徐杨,F
徐尧,F
徐也晴,F
徐晔楠,F
徐一然,F
徐宜青,F
徐旖旎,F
徐艺含,F
徐逸,F
徐雨晴,F
徐玥,F
徐越,F
徐之行,F
徐紫君,F
许霭渟,F
许安宁,F
许冰,F
许晨夕,F
许多,F
许昉昉,F
许晗宇,F
许荷晶,F
许鹤琳,F
许佳琪,F
许家敏,F
许嘉琪,F
许姜,F
许婧怡,F
许可,F
许焜炜,F
许乐,F
许梦婕,F
许楠楠,F
许平,F
许绮林,F
许沁琳,F
许山晶,F
许杉杉,F
许诗瑶,F
许舒婷,F
许思琦,F
许文迪,F
许文菲,F
许文珺,F
许文晴,F
许文贤,F
许肖茜,F
许心怡,F
许星源,F
许雪,F
许雪迪,F
许雅娴,F
许晏宁,F
许一鸣,F
许艺凡,F
许懿凌,F
许钰梓,F
许哲萌,F
许臻,F
许卓亚,F
许子禾,F
薛晨羽,F
薛洁,F
薛金鑫,F
薛梦琛,F
薛梦馨,F
薛茜,F
薛斯丹,F
薛笑影,F
薛雪芸,F
薛迅,F
薛雅菲,F
薛艳芳,F
薛宇,F
闫春华,F
闫聪颖,F
闫晗,F
闫丽,F
闫梦格,F
闫茹钰,F
闫文馨,F
闫雯雯,F
闫晓岑,F
闫逸玮,F
严佳璐,F
严若诗,F
严小农,F
严媛,F
颜碧洋,F
颜俏妮,F
颜瑞,F
颜思茗,F
颜文珮,F
颜韵,F
颜韵,F
剡得霞,F
羊夏榆,F
羊宇翔,F
杨爱琼,F
杨安玲,F
杨安琪,F
杨碧晴,F
杨彬,F
杨炳轶,F
杨博星,F
杨采宏,F
杨畅,F
杨朝霞,F
杨陈秀一,F
杨晨,F
杨晨,F
杨晨纾,F
杨晨宇,F
杨呈宁,F
杨崇曜,F
杨春蕾,F
杨淳雁,F
杨丹婷,F
杨迪之,F
杨丁,F
杨东红,F
杨冬,F
杨端,F
杨帆,F
杨帆,F
杨帆,F
杨帆,F
杨帆,F
杨芳,F
杨飞凤,F
杨馥萍,F
杨鸽,F
杨冠华,F
杨贵林,F
杨海慈,F
杨海秋,F
杨晗琪,F
杨好,F
杨浩然,F
杨贺羽,F
杨鹤逸,F
杨洪君,F
杨华禹,F
杨卉,F
杨慧芳,F
杨吉,F
杨季枫,F
杨佳立,F
杨佳霖,F
杨佳睿,F
杨佳奕,F
杨洁,F
杨洁,F
杨津竹,F
杨琎,F
杨锦漾,F
杨瑾,F
杨景升,F
杨净,F
杨婧妮,F
杨静,F
杨静,F
杨珺雯,F
杨恺灵,F
杨珂,F
杨可心,F
杨磊,F
杨丽,F
杨丽杰,F
杨丽丽,F
杨琳颖,F
杨灵艳,F
杨玲华,F
杨柳,F
杨柳,F
杨柳,F
杨柳梦颖,F
杨柳青,F
杨陆晨宏,F
杨璐,F
杨梅,F
杨萌,F
杨孟乔,F
杨梦婕,F
杨梦丽,F
杨旻婕,F
杨敏,F
杨茗雯,F
杨霂,F
杨娜,F
杨楠,F
杨楠,F
杨宁,F
杨宁,F
杨沛祺,F
杨倩熙,F
杨青青,F
杨青青,F
杨箐,F
杨睿,F
杨闰晴,F
杨若宸,F
杨若凡,F
杨诗佳,F
杨淑瑶,F
杨舒怡,F
杨思莹,F
杨天曚,F
杨天唯,F
杨庭怡,F
杨婉璐,F
杨巍璐,F
杨伟,F
杨玮君,F
杨文琴,F
杨文艳,F
杨雯,F
杨雯,F
杨雯鹃,F
杨雯媛,F
杨潇博,F
杨小英,F
杨晓,F
杨晓羽,F
杨筱雪,F
杨忻彦,F
杨絮,F
杨萱铃,F
杨雪,F
杨雪,F
杨雪涵,F
杨雪梅,F
杨雪泥,F
杨雪阳,F
杨雅芳,F
杨雅楠,F
杨雅清,F
杨雅茹,F
杨雅婷,F
杨亚坤,F
杨亚维,F
杨艳妮,F
杨艳清,F
杨扬,F
杨阳,F
杨杨冬琪,F
杨洋,F
杨依菲,F
杨镒璠,F
杨寅鹤,F
杨英敏,F
杨莹,F
杨莹,F
杨颖,F
杨宇星,F
杨雨琳,F
杨雨宁,F
杨雨琦,F
杨雨晴,F
杨雨秋,F
杨雨卓,F
杨玉萍,F
杨钰婷,F
杨园园,F
杨媛婷,F
杨韵倩,F
杨召君,F
杨喆,F
杨征,F
杨子晶,F
杨紫薇,F
姚洪溪,F
姚兰,F
姚力博,F
姚璐璐,F
姚美好,F
姚楠,F
姚婉菲,F
姚旺,F
姚文杰,F
姚笑寒,F
姚雪梅,F
姚雨含,F
姚雨希,F
冶红瑛,F
冶星,F
冶艳蓉,F
叶碧欣,F
叶陈宁,F
叶晗,F
叶慧颖,F
叶菁,F
叶晶美奇,F
叶靖晗,F
叶乐欣,F
叶蕾,F
叶丽凤,F
叶琳,F
叶罗昕,F
叶宁,F
叶佩,F
叶芃宁,F
叶品岚,F
叶田恬,F
叶婷婷,F
叶薇,F
叶心怡,F
叶雅玲,F
叶艳华,F
叶宇璠,F
叶昭彤,F
叶子,F
伊乐,F
伊云,F
衣凡,F
易艾欣,F
易霏霏,F
易红秀,F
易捷伊,F
易奕,F
殷翠梅,F
殷豪,F
殷琦琦,F
殷欣,F
殷雨,F
殷悦嘉,F
尹凤杰,F
尹航,F
尹嘉铭,F
尹绮雯,F
尹秋实,F
尹诗,F
尹帅,F
尹曈,F
尹霞,F
尹一铭,F
尹义平,F
尹媛,F
尹昭婷,F
尹智俐,F
尹子文,F
应佳璐,F
永蘅,F
尤琪,F
由欢,F
游都,F
游婧琦,F
游丽华,F
游依灵,F
游雨诗,F
于畅,F
于楚楚,F
于歌唱婉,F
于海莹,F
于欢欢,F
于嘉敏,F
于杰平,F
于洁琼,F
于娟,F
于名涵,F
于佩玉,F
于姝婷,F
于双辰,F
于维雅,F
于伟红,F
于文洁,F
于文静,F
于文珊,F
于文爽,F
于晓凡,F
于晓涵,F
于晓冉,F
于星苑,F
于璇,F
于雪儿,F
于雅馨,F
于也飞,F
于艺梅,F
于懿,F
于钰渤,F
于月,F
于肇鑫,F
余安琪,F
余楚漪,F
余丹,F
余佳珈,F
余梦霞,F
余培然,F
余晴,F
余瑞云,F
余姗,F
余文慧,F
余豫新,F
余宗霖,F
俞芬芬,F
俞美英,F
俞梦格,F
俞一君,F
虞沁,F
郁华瑜,F
郁学敏,F
喻多多,F
喻韵丰,F
元海锦,F
元静,F
袁彬,F
袁朝,F
袁楚乔,F
袁帆,F
袁娇,F
袁俊琳,F
袁珺,F
袁珂,F
袁凌子,F
袁珑雨,F
袁璐,F
袁梦,F
袁梦,F
袁珊珊,F
袁文蕴,F
袁小令,F
袁晓红,F
袁晓霜,F
袁颖,F
袁宇飞,F
袁宇晗,F
袁雨晨,F
袁彧,F
袁紫祎,F
原冬雪,F
原铭,F
岳璨,F
岳天雨,F
岳奕阳,F
云欣元,F
臧瑜,F
翟安怡,F
翟向云,F
翟子涵,F
詹春晖,F
詹秀洁,F
占笛,F
占小媛,F
战宇一,F
张艾琪,F
张爱琪,F
张安琪,F
张安彤,F
张百祺,F
张柏龄,F
张倍宁,F
张碧溪,F
张缤月,F
张陈缘,F
张宸琛,F
张晨茜,F
张晨阳,F
张楚晗,F
张楚雯,F
张楚欣,F
张楚燚,F
张聪聪,F
张丹,F
张丹婕,F
张丹蕾,F
张德美,F
张德香,F
张迪茹,F
张迪雅,F
张荻琴,F
张冬旭,F
张帆,F
张戈尧,F
张格然,F
张贵俊,F
张贵艳,F
张海桦,F
张含,F
张晗,F
张寒,F
张瀚允,F
张浩敏,F
张皓,F
张红霞,F
张红缨,F
张虹烨,F
张洪海娇,F
张鸿雁,F
张怀远,F
张辉,F
张卉宜,F
张慧,F
张慧,F
张慧铃,F
张慧清,F
张嘉诺,F
张嘉琦,F
张嘉雯,F
张剑,F
张姣姣,F
张洁,F
张婕,F
张金梦,F
张金硕,F
张锦苏,F
张菁宸,F
张晶,F
张晶晶,F
张竞心,F
张婧宁,F
张靖,F
张靖,F
张静,F
张静怡,F
张柯欣,F
张可涵,F
张可心,F
张可欣,F
张阔,F
张蓝允,F
张澜,F
张蕾,F
张黎雪,F
张力舵,F
张力文,F
张立霞,F
张丽,F
张丽园,F
张沥心,F
张莉,F
张林珠,F
张琳,F
张琳琦,F
张霖维,F
张灵睿,F
张玲,F
张玲玲,F
张凌霜,F
张路,F
张璐,F
张露馨,F
张罗允,F
张麦馨,F
张曼婷,F
张漫,F
张茂蕾,F
张茂鑫,F
张美玉,F
张萌,F
张萌尧,F
张梦洁,F
张梦霓,F
张梦一,F
张梦莹,F
张梦泽,F
张苗苗,F
张敏,F
张敏,F
张明嘉,F
张明明,F
张铭,F
张墨颖,F
张沐,F
张楠,F
张楠,F
张盼盼,F
张培钰,F
张平,F
张其文,F
张琪,F
张琪琪,F
张启明,F
张千杨,F
张浅吟,F
张茜,F
张茜,F
张茜,F
张茜冉,F
张茜洋,F
张倩,F
张乔茜,F
张清,F
张泉,F
张然然,F
张然然,F
张容荣,F
张容溶,F
张榕晟,F
张蕊,F
张蕊,F
张瑞,F
张瑞洁,F
张瑞珂,F
张瑞文,F
张润秋,F
张若浛,F
张赛,F
张杉杉,F
张上,F
张盛娟,F
张诗雯,F
张诗怡,F
张诗雨,F
张史哲,F
张世超,F
张世夷,F
张书嘉,F
张姝婷,F
张淑欣,F
张舒然,F
张舒婷,F
张舒艺,F
张舒语,F
张漱玉,F
张帅,F
张顺顺,F
张朔,F
张司晨,F
张思琪,F
张思琦,F
张思棋,F
张思语,F
张思媛,F
张天琦,F
张天祺,F
张天一,F
张天翊,F
张甜畅,F
张甜甜,F
张婷,F
张婷婷,F
张彤,F
张彤,F
张童童,F
张婉倩,F
张薇,F
张唯佳,F
张惟,F
张玮珂,F
张渭莹,F
张文,F
张文静,F
张文菊,F
张文卿,F
张文馨,F
张雯涵,F
张雯茜,F
张汶琳,F
张溪,F
张曦元,F
张咸华,F
张鹇,F
张祥宇,F
张潇,F
张潇潇,F
张潇予,F
张小满,F
张小雨,F
张小雨,F
张晓晨,F
张晓寒,F
张晓红,F
张晓洁,F
张晓岚,F
张晓蕾,F
张晓璐,F
张晓绿,F
张晓敏,F
张晓彤,F
张晓谊,F
张筱彤,F
张筱语,F
张笑寒,F
张心怡,F
张心怡,F
张昕禹,F
张欣然,F
张欣妍,F
张欣仪,F
张新谛,F
张馨,F
张馨木,F
张馨予,F
张馨元,F
张馨元,F
张馨月,F
张馨竹,F
张信泽,F
张星瑶,F
张秀亭,F
张旭,F
张旭,F
张旭,F
张旭彤,F
张萱,F
张璇,F
张璇,F
张璇,F
张雪琛,F
张雪纯,F
张雪蕾,F
张雪丽,F
张雪灵,F
张雪婷,F
张雪妍,F
张雪妍,F
张雅,F
张雅茹,F
张亚南,F
张亚楠,F
张亚柔,F
张妍,F
张彦忻,F
张艳,F
张艳,F
张艳,F
张艳,F
张艳,F
张晏蓉,F
张燕语,F
张阳,F
张杨,F
张遥,F
张瑶,F
张耀,F
张叶秋晓,F
张一凡,F
张一弩,F
张一雄,F
张伊静,F
张祎,F
张怡,F
张怡然,F
张怡莹,F
张乙晶,F
张义荀,F
张艺菲,F
张艺菲,F
张艺千,F
张亦蕾,F
张译葳,F
张译心,F
张译之,F
张轶宁,F
张奕,F
张音笛,F
张音音,F
张吟,F
张英,F
张樱子,F
张莹,F
张莹楠,F
张颖晨,F
张映迪,F
张泳,F
张悠然,F
张宥恩,F
张愉婉,F
张瑜,F
张瑜,F
张瑜,F
张宇,F
张宇澄,F
张宇琳,F
张宇琦,F
张宇轩,F
张雨涵,F
张雨兰,F
张雨芊,F
张雨珊,F
张雨婷,F
张雨婷,F
张雨欣,F
张雨欣,F
张语麟,F
张语洋,F
张昱,F
张钰,F
张钰,F
张钰,F
张钰渤,F
张煜苑,F
张豫立,F
张渊,F
张元曦,F
张元雪,F
张元元,F
张源,F
张远丽,F
张远哲,F
张月,F
张月寒,F
张玥雯,F
张悦,F
张赟芳,F
张云起,F
张云宜,F
张昀珂,F
张韵可,F
张展,F
张兆妍,F
张照,F
张甄英,F
张之琳,F
张芷茜,F
张志麒,F
张竹青,F
张卓亚,F
张子涵,F
张子童,F
张子璇,F
张子裕,F
张梓瑞,F
张梓新,F
张紫昕,F
张祖悦,F
章旦蕾,F
章林昱,F
章柳,F
章美希,F
章梦瑶,F
章倩文,F
章天娇,F
章彤,F
章昕,F
章阳,F
赵桉露,F
赵白鹭,F
赵宸,F
赵楚楚,F
赵萃轶,F
赵迪先,F
赵帆,F
赵海燕,F
赵翰琪,F
赵昊月,F
赵荷,F
赵欢,F
赵家卉,F
赵家宁,F
赵嘉欣,F
赵健宇,F
赵姣姣,F
赵皎男,F
赵金枝,F
赵晋燕,F
赵婧,F
赵婧娅,F
赵婧妤,F
赵婧妤,F
赵静,F
赵静,F
赵静茹,F
赵凯宁,F
赵琳,F
赵琳,F
赵琳祎,F
赵玲玲,F
赵凌云,F
赵楼,F
赵洛楠,F
赵满儿,F
赵茂莎,F
赵玫,F
赵美芳,F
赵萌,F
赵梦荞,F
赵梦滢,F
赵梦雨,F
赵梦玉,F
赵茉,F
赵茉莹,F
赵宁宁,F
赵沛沛,F
赵琪,F
赵茜,F
赵倩,F
赵倩,F
赵倩倩,F
赵晴,F
赵蓉,F
赵蕊,F
赵睿,F
赵睿玥,F
赵润细,F
赵姗,F
赵诗萌,F
赵诗童,F
赵颂娅,F
赵婉伊,F
赵婉玉,F
赵琬彤,F
赵薇,F
赵雯嘉,F
赵玺玖,F
赵晓岚,F
赵心怡,F
赵欣书,F
赵欣宇,F
赵旭,F
赵旭茹,F
赵雪杉,F
赵雪婷,F
赵雅文,F
赵亚儒,F
赵砚宇,F
赵一吉,F
赵一璇,F
赵艺,F
赵艺,F
赵翊竹,F
赵佑霖,F
赵宇迪,F
赵宇航,F
赵雨,F
赵雨辰,F
赵雨佳,F
赵雨桐,F
赵钰来,F
赵元菡,F
赵元贞,F
赵元贞,F
赵源,F
赵月园,F
赵悦璇,F
赵芸赫,F
赵泽明,F
赵卓婧,F
赵子琪,F
折丹,F
甄丰源,F
郑晨露,F
郑含晓,F
郑浩然,F
郑怀宇,F
郑惠中,F
郑佳佳,F
郑嘉玥,F
郑君如,F
郑李云,F
郑丽娜,F
郑泠岚,F
郑璐,F
郑梦娇,F
郑然,F
郑容,F
郑诗宇,F
郑思院,F
郑听雨,F
郑婷婷,F
郑玮奕,F
郑翔宇,F
郑秀媛,F
郑旭滢,F
郑雅文,F
郑颜璐,F
郑扬婉馨,F
郑烨烨,F
郑怡婧,F
郑亦如,F
郑易,F
郑媖君,F
郑颖,F
郑颖,F
郑雨薇,F
郑昱豪,F
郑裕佳,F
郑悦秋,F
郑韵含,F
郑蕴之,F
郑征,F
郑子薇,F
郑子烨,F
钟泊瑜,F
钟佳欢,F
钟灵,F
钟梦霖,F
钟敏红,F
钟润桢,F
钟宛蓉,F
钟欣艺,F
钟欣颖,F
钟馨乐,F
钟雨嘉,F
钟悦,F
钟卓越,F
仲星宇,F
周冰媛,F
周博,F
周超群,F
周承东,F
周承泽,F
周迪,F
周梵晨,F
周光理,F
周航,F
周慧,F
周佳,F
周佳慧,F
周佳铭,F
周佳楠,F
周佳苇,F
周江萍,F
周洁,F
周锦,F
周婧,F
周俊颖,F
周黎,F
周丽丽,F
周林莉,F
周铃子,F
周美霖,F
周萌,F
周梦莹,F
周墨奇,F
周楠,F
周其,F
周倩琳,F
周沁雪,F
周沁愉,F
周晴,F
周芮,F
周思佳,F
周思锦,F
周思廷,F
周偲偲,F
周甜甜,F
周琬婷,F
周王毅,F
周文景,F
周雯,F
周夕佳,F
周小靖,F
周晓煦,F
周晓艺,F
周芯羽,F
周辛欣,F
周欣雨,F
周璇,F
周烜伊,F
周珣,F
周雅梦,F
周雅童,F
周燕,F
周杨,F
周也天,F
周怡静,F
周艺,F
周逸菲,F
周雨笛,F
周钰铮,F
周玥,F
周之仪,F
周智慧,F
周子芊,F
周子薇,F
周子逸,F
周梓楠,F
周紫云,F
朱成竹,F
朱丹,F
朱丹丹,F
朱丹华,F
朱冬梅,F
朱芳,F
朱广雪,F
朱海雯,F
朱海燕,F
朱红宇,F
朱虹,F
朱际宇,F
朱家佳,F
朱家昕,F
朱嘉,F
朱嘉禾,F
朱嘉懿,F
朱婕,F
朱瑾烨,F
朱晋文,F
朱婧姝,F
朱靖秋,F
朱峻仪,F
朱柯霖,F
朱琨,F
朱丽,F
朱丽莎,F
朱利敏,F
朱靓,F
朱琳,F
朱琳,F
朱美静,F
朱梦琦,F
朱梦渊,F
朱梦圆,F
朱娜,F
朱沛青,F
朱茜儿,F
朱淑媛,F
朱思敏,F
朱思琪,F
朱婷婷,F
朱婉银,F
朱玮,F
朱文玥,F
朱希,F
朱向晖,F
朱小娇,F
朱小玲,F
朱小英,F
朱晓旭,F
朱晓英,F
朱新宁,F
朱昫阳,F
朱轩慧,F
朱叶,F
朱逸丹,F
朱莹莹,F
朱溁,F
朱悠然,F
朱雨瑶,F
朱玉茹,F
朱玥,F
朱芷琳,F
朱珠,F
朱子辰,F
朱紫晴,F
朱紫薇,F
竺笛,F
祝贝妮,F
祝慧慧,F
祝蕾,F
祝淼,F
祝圣棋,F
祝莹欣,F
庄晓彤,F
庄旭煜,F
庄亚方,F
庄滢,F
庄玥,F
庄蕴菲,F
卓怡甬,F
宗若慧,F
宗铄,F
邹滨阳,F
邹畅,F
邹海洋,F
邹佳辰,F
邹曼凌,F
邹梦然,F
邹梦文,F
邹敏,F
邹泞憶,F
邹莎莎,F
邹苇航,F
邹雪飞,F
邹雅文,F
邹颜鞠,F
邹一鑫,F
邹逸宁,F
邹莹,F
邹滢曼,F
邹雨宏,F
邹雨寰,F
邹玉洁,F
左曈,F
左婉怡,F
左烜晅,F
左雨晴,F
左越,F
左子烨,F
